k,retriever,task,target_metric,QPP_Method,Spearman,Kendall
2,bm25,nq,f1,nqc,0.061,0.0467
2,bm25,nq,f1,maxScore,0.1609,0.1235
2,bm25,nq,f1,spatial,0.2166,0.1659
2,bm25,nq,f1,a_ratio,0.1353,0.104
2,bm25,nq,f1,bertQPP,0.2079,0.1594
2,bm25,nq,f1,prob(k),0.3037,0.2325
2,bm25,nq,f1,max(perpC),0.1362,0.1044
2,bm25,nq,f1,min(perpC),0.1117,0.0858
2,bm25,nq,f1,avg(perpC),0.1348,0.1034
2,bm25,nq,f1,itg(perpC),0.1293,0.0993
2,bm25,nq,f1,max(docQual),0.0785,0.0603
2,bm25,nq,f1,min(docQual),0.0588,0.0452
2,bm25,nq,f1,avg(docQual),0.0745,0.0569
2,bm25,nq,f1,itg(docQual),0.0266,0.0204
2,bm25,nq,f1,itg(Dale Chall),0.1203,0.0922
2,bm25,nq,f1,itg(Spache),0.1004,0.0769
2,bm25,nq,f1,itg(Flesch-Kincaid),0.0559,0.0426
2,bm25,nq,f1,itg(Flesch),-0.0435,-0.0328
2,bm25,nq,f1,itg(Gunning Fog),0.0425,0.0325
2,bm25,nq,f1,itg(Coleman Liau),-0.0111,-0.0082
2,bm25,nq,f1,itg(ARI),0.0284,0.0218
2,bm25,nq,f1,itg(Linsear Write),0.0538,0.0411
2,bm25,nq,utility,nqc,0.0694,0.0517
2,bm25,nq,utility,maxScore,0.1485,0.1103
2,bm25,nq,utility,spatial,0.1739,0.1291
2,bm25,nq,utility,a_ratio,0.1565,0.1166
2,bm25,nq,utility,bertQPP,0.1898,0.1416
2,bm25,nq,utility,prob(k),0.1468,0.1095
2,bm25,nq,utility,max(perpC),0.0935,0.0687
2,bm25,nq,utility,min(perpC),0.0649,0.0478
2,bm25,nq,utility,avg(perpC),0.086,0.0634
2,bm25,nq,utility,itg(perpC),0.0884,0.0653
2,bm25,nq,utility,max(docQual),0.0553,0.0412
2,bm25,nq,utility,min(docQual),0.0328,0.0244
2,bm25,nq,utility,avg(docQual),0.0462,0.0341
2,bm25,nq,utility,itg(docQual),0.0058,0.0042
2,bm25,nq,utility,itg(Dale Chall),0.0692,0.0511
2,bm25,nq,utility,itg(Spache),0.0392,0.0288
2,bm25,nq,utility,itg(Flesch-Kincaid),-0.0091,-0.0069
2,bm25,nq,utility,itg(Flesch),0.0173,0.013
2,bm25,nq,utility,itg(Gunning Fog),-0.0041,-0.003
2,bm25,nq,utility,itg(Coleman Liau),-0.0513,-0.0381
2,bm25,nq,utility,itg(ARI),-0.0272,-0.02
2,bm25,nq,utility,itg(Linsear Write),-0.0065,-0.0048
2,bm25,dl,f1,nqc,-0.0089,0.0009
2,bm25,dl,f1,maxScore,0.107,0.0765
2,bm25,dl,f1,spatial,0.3492,0.2427
2,bm25,dl,f1,a_ratio,0.0082,0.003
2,bm25,dl,f1,bertQPP,0.1523,0.1065
2,bm25,dl,f1,prob(k),0.4058,0.2912
2,bm25,dl,f1,max(perpC),0.0501,0.0251
2,bm25,dl,f1,min(perpC),0.1403,0.0896
2,bm25,dl,f1,avg(perpC),0.0955,0.0554
2,bm25,dl,f1,itg(perpC),0.1951,0.1285
2,bm25,dl,f1,max(docQual),0.3128,0.2186
2,bm25,dl,f1,min(docQual),0.2552,0.1792
2,bm25,dl,f1,avg(docQual),0.3132,0.227
2,bm25,dl,f1,itg(docQual),0.1776,0.1183
2,bm25,dl,utility,nqc,0.0302,0.0159
2,bm25,dl,utility,maxScore,0.0651,0.0434
2,bm25,dl,utility,spatial,0.314,0.2113
2,bm25,dl,utility,a_ratio,0.1137,0.0756
2,bm25,dl,utility,bertQPP,0.2855,0.2049
2,bm25,dl,utility,prob(k),0.2742,0.1963
2,bm25,dl,utility,max(perpC),-0.1003,-0.0681
2,bm25,dl,utility,min(perpC),0.0225,0.0088
2,bm25,dl,utility,avg(perpC),-0.0523,-0.0331
2,bm25,dl,utility,itg(perpC),0.0717,0.0451
2,bm25,dl,utility,max(docQual),0.3298,0.2316
2,bm25,dl,utility,min(docQual),0.2823,0.183
2,bm25,dl,utility,avg(docQual),0.3438,0.2352
2,bm25,dl,utility,itg(docQual),0.1982,0.1312
2,mt5,nq,f1,nqc,-0.1288,-0.0985
2,mt5,nq,f1,maxScore,0.2218,0.1691
2,mt5,nq,f1,spatial,0.2992,0.2281
2,mt5,nq,f1,a_ratio,-0.0483,-0.0368
2,mt5,nq,f1,bertQPP,0.1641,0.1246
2,mt5,nq,f1,prob(k),0.2579,0.1954
2,mt5,nq,f1,max(perpC),0.1821,0.1388
2,mt5,nq,f1,min(perpC),0.1742,0.1327
2,mt5,nq,f1,avg(perpC),0.1955,0.1488
2,mt5,nq,f1,itg(perpC),0.2007,0.1533
2,mt5,nq,f1,max(docQual),0.1151,0.0882
2,mt5,nq,f1,min(docQual),0.1053,0.0806
2,mt5,nq,f1,avg(docQual),0.1206,0.0915
2,mt5,nq,f1,itg(docQual),0.0257,0.0197
2,mt5,nq,f1,itg(Dale Chall),0.0905,0.0686
2,mt5,nq,f1,itg(Spache),0.1063,0.0806
2,mt5,nq,f1,itg(Flesch-Kincaid),0.0526,0.0399
2,mt5,nq,f1,itg(Flesch),-0.0286,-0.0215
2,mt5,nq,f1,itg(Gunning Fog),0.0433,0.0329
2,mt5,nq,f1,itg(Coleman Liau),-0.0237,-0.018
2,mt5,nq,f1,itg(ARI),0.0386,0.0294
2,mt5,nq,f1,itg(Linsear Write),0.0645,0.0491
2,mt5,nq,utility,nqc,-0.0643,-0.0474
2,mt5,nq,utility,maxScore,0.1625,0.1196
2,mt5,nq,utility,spatial,0.2027,0.1486
2,mt5,nq,utility,a_ratio,0.0136,0.0099
2,mt5,nq,utility,bertQPP,0.1474,0.109
2,mt5,nq,utility,prob(k),0.1351,0.0992
2,mt5,nq,utility,max(perpC),0.1031,0.075
2,mt5,nq,utility,min(perpC),0.1068,0.0781
2,mt5,nq,utility,avg(perpC),0.1132,0.0828
2,mt5,nq,utility,itg(perpC),0.1149,0.0845
2,mt5,nq,utility,max(docQual),0.0833,0.0611
2,mt5,nq,utility,min(docQual),0.0705,0.052
2,mt5,nq,utility,avg(docQual),0.0824,0.0603
2,mt5,nq,utility,itg(docQual),0.0246,0.0182
2,mt5,nq,utility,itg(Dale Chall),0.0468,0.0341
2,mt5,nq,utility,itg(Spache),0.0538,0.0392
2,mt5,nq,utility,itg(Flesch-Kincaid),-0.0139,-0.0102
2,mt5,nq,utility,itg(Flesch),0.039,0.0287
2,mt5,nq,utility,itg(Gunning Fog),0.002,0.0014
2,mt5,nq,utility,itg(Coleman Liau),-0.0733,-0.0538
2,mt5,nq,utility,itg(ARI),-0.0261,-0.0191
2,mt5,nq,utility,itg(Linsear Write),0.0113,0.0084
2,mt5,dl,f1,nqc,-0.1075,-0.0769
2,mt5,dl,f1,maxScore,0.1462,0.0988
2,mt5,dl,f1,spatial,0.3862,0.2865
2,mt5,dl,f1,a_ratio,-0.1476,-0.1027
2,mt5,dl,f1,bertQPP,0.2,0.1319
2,mt5,dl,f1,prob(k),0.5298,0.3832
2,mt5,dl,f1,max(perpC),0.1673,0.1132
2,mt5,dl,f1,min(perpC),0.3553,0.2499
2,mt5,dl,f1,avg(perpC),0.2801,0.1963
2,mt5,dl,f1,itg(perpC),0.3036,0.2098
2,mt5,dl,f1,max(docQual),0.3142,0.2119
2,mt5,dl,f1,min(docQual),0.3267,0.2298
2,mt5,dl,f1,avg(docQual),0.3464,0.2393
2,mt5,dl,f1,itg(docQual),0.1763,0.1194
2,mt5,dl,utility,nqc,-0.0816,-0.0653
2,mt5,dl,utility,maxScore,0.1898,0.1336
2,mt5,dl,utility,spatial,0.2409,0.177
2,mt5,dl,utility,a_ratio,-0.0596,-0.0421
2,mt5,dl,utility,bertQPP,0.2587,0.1761
2,mt5,dl,utility,prob(k),0.3449,0.2384
2,mt5,dl,utility,max(perpC),-0.0528,-0.0217
2,mt5,dl,utility,min(perpC),0.0569,0.0449
2,mt5,dl,utility,avg(perpC),0.0063,0.009
2,mt5,dl,utility,itg(perpC),0.043,0.0335
2,mt5,dl,utility,max(docQual),0.1325,0.0909
2,mt5,dl,utility,min(docQual),0.1942,0.1413
2,mt5,dl,utility,avg(docQual),0.1869,0.1306
2,mt5,dl,utility,itg(docQual),0.0604,0.0443
2,e5,nq,f1,nqc,0.121,0.091
2,e5,nq,f1,maxScore,0.2344,0.1763
2,e5,nq,f1,spatial,0.1922,0.1444
2,e5,nq,f1,a_ratio,0.247,0.1877
2,e5,nq,f1,bertQPP,0.163,0.1225
2,e5,nq,f1,prob(k),0.2873,0.2153
2,e5,nq,f1,max(perpC),0.1395,0.1051
2,e5,nq,f1,min(perpC),0.1307,0.0986
2,e5,nq,f1,avg(perpC),0.1455,0.1096
2,e5,nq,f1,itg(perpC),0.1571,0.1183
2,e5,nq,f1,max(docQual),0.0839,0.0641
2,e5,nq,f1,min(docQual),0.0852,0.0646
2,e5,nq,f1,avg(docQual),0.0958,0.0722
2,e5,nq,f1,itg(docQual),0.0185,0.0139
2,e5,nq,f1,itg(Dale Chall),0.0634,0.0473
2,e5,nq,f1,itg(Spache),0.0542,0.0406
2,e5,nq,f1,itg(Flesch-Kincaid),-0.0041,-0.003
2,e5,nq,f1,itg(Flesch),0.017,0.0127
2,e5,nq,f1,itg(Gunning Fog),-0.0214,-0.0159
2,e5,nq,f1,itg(Coleman Liau),-0.0436,-0.0327
2,e5,nq,f1,itg(ARI),-0.0167,-0.0125
2,e5,nq,f1,itg(Linsear Write),0.0099,0.0075
2,e5,nq,utility,nqc,0.0994,0.0724
2,e5,nq,utility,maxScore,0.1288,0.0934
2,e5,nq,utility,spatial,0.1025,0.0747
2,e5,nq,utility,a_ratio,0.1913,0.1404
2,e5,nq,utility,bertQPP,0.1352,0.0986
2,e5,nq,utility,prob(k),0.147,0.1074
2,e5,nq,utility,max(perpC),0.0363,0.0262
2,e5,nq,utility,min(perpC),0.0384,0.0279
2,e5,nq,utility,avg(perpC),0.0387,0.0281
2,e5,nq,utility,itg(perpC),0.0576,0.0418
2,e5,nq,utility,max(docQual),0.0495,0.0364
2,e5,nq,utility,min(docQual),0.0352,0.0258
2,e5,nq,utility,avg(docQual),0.0469,0.034
2,e5,nq,utility,itg(docQual),0.012,0.0088
2,e5,nq,utility,itg(Dale Chall),0.0217,0.0157
2,e5,nq,utility,itg(Spache),0.0002,-0.0002
2,e5,nq,utility,itg(Flesch-Kincaid),-0.056,-0.0409
2,e5,nq,utility,itg(Flesch),0.0649,0.0474
2,e5,nq,utility,itg(Gunning Fog),-0.0503,-0.0367
2,e5,nq,utility,itg(Coleman Liau),-0.0761,-0.0556
2,e5,nq,utility,itg(ARI),-0.0633,-0.0461
2,e5,nq,utility,itg(Linsear Write),-0.0417,-0.0305
2,e5,dl,f1,nqc,-0.0149,-0.0176
2,e5,dl,f1,maxScore,0.4551,0.323
2,e5,dl,f1,spatial,0.2677,0.2062
2,e5,dl,f1,a_ratio,0.0022,0.0026
2,e5,dl,f1,bertQPP,0.1904,0.1336
2,e5,dl,f1,prob(k),0.3745,0.2676
2,e5,dl,f1,max(perpC),0.2036,0.1418
2,e5,dl,f1,min(perpC),0.2213,0.1493
2,e5,dl,f1,avg(perpC),0.2303,0.1562
2,e5,dl,f1,itg(perpC),0.2027,0.1366
2,e5,dl,f1,max(docQual),0.0566,0.0448
2,e5,dl,f1,min(docQual),0.0333,0.0276
2,e5,dl,f1,avg(docQual),0.0451,0.0423
2,e5,dl,f1,itg(docQual),0.0717,0.0506
2,e5,dl,utility,nqc,0.1516,0.0988
2,e5,dl,utility,maxScore,0.3591,0.2556
2,e5,dl,utility,spatial,0.1291,0.1044
2,e5,dl,utility,a_ratio,0.044,0.0228
2,e5,dl,utility,bertQPP,0.2162,0.146
2,e5,dl,utility,prob(k),0.267,0.1907
2,e5,dl,utility,max(perpC),-0.0053,0.0004
2,e5,dl,utility,min(perpC),0.0382,0.02
2,e5,dl,utility,avg(perpC),0.018,0.0088
2,e5,dl,utility,itg(perpC),0.0129,0.0099
2,e5,dl,utility,max(docQual),0.0043,0.0063
2,e5,dl,utility,min(docQual),0.0584,0.0427
2,e5,dl,utility,avg(docQual),0.0423,0.0324
2,e5,dl,utility,itg(docQual),0.0566,0.0367
3,bm25,nq,f1,nqc,0.1072,0.0821
3,bm25,nq,f1,maxScore,0.1509,0.1155
3,bm25,nq,f1,spatial,0.2203,0.1678
3,bm25,nq,f1,a_ratio,0.1452,0.1111
3,bm25,nq,f1,bertQPP,0.2094,0.1602
3,bm25,nq,f1,prob(k),0.308,0.2347
3,bm25,nq,f1,max(perpC),0.1215,0.0929
3,bm25,nq,f1,min(perpC),0.0855,0.0653
3,bm25,nq,f1,avg(perpC),0.1184,0.0905
3,bm25,nq,f1,itg(perpC),0.1197,0.0912
3,bm25,nq,f1,max(docQual),0.0854,0.0656
3,bm25,nq,f1,min(docQual),0.0733,0.0563
3,bm25,nq,f1,avg(docQual),0.0933,0.0711
3,bm25,nq,f1,itg(docQual),0.0354,0.0271
3,bm25,nq,f1,itg(Dale Chall),0.115,0.0876
3,bm25,nq,f1,itg(Spache),0.094,0.0715
3,bm25,nq,f1,itg(Flesch-Kincaid),0.0532,0.0402
3,bm25,nq,f1,itg(Flesch),-0.0462,-0.0349
3,bm25,nq,f1,itg(Gunning Fog),0.0444,0.0336
3,bm25,nq,f1,itg(Coleman Liau),-0.0042,-0.003
3,bm25,nq,f1,itg(ARI),0.0244,0.0184
3,bm25,nq,f1,itg(Linsear Write),0.0503,0.0381
3,bm25,nq,utility,nqc,0.1127,0.0833
3,bm25,nq,utility,maxScore,0.1312,0.0968
3,bm25,nq,utility,spatial,0.1667,0.1225
3,bm25,nq,utility,a_ratio,0.1638,0.1213
3,bm25,nq,utility,bertQPP,0.1881,0.1393
3,bm25,nq,utility,prob(k),0.1554,0.1151
3,bm25,nq,utility,max(perpC),0.0665,0.0487
3,bm25,nq,utility,min(perpC),0.0362,0.0267
3,bm25,nq,utility,avg(perpC),0.0635,0.0466
3,bm25,nq,utility,itg(perpC),0.0702,0.0515
3,bm25,nq,utility,max(docQual),0.0601,0.0446
3,bm25,nq,utility,min(docQual),0.0552,0.0409
3,bm25,nq,utility,avg(docQual),0.0619,0.0455
3,bm25,nq,utility,itg(docQual),0.0206,0.0152
3,bm25,nq,utility,itg(Dale Chall),0.0619,0.0454
3,bm25,nq,utility,itg(Spache),0.0385,0.0282
3,bm25,nq,utility,itg(Flesch-Kincaid),-0.0084,-0.0063
3,bm25,nq,utility,itg(Flesch),0.013,0.0098
3,bm25,nq,utility,itg(Gunning Fog),0.0042,0.0028
3,bm25,nq,utility,itg(Coleman Liau),-0.0409,-0.0303
3,bm25,nq,utility,itg(ARI),-0.0285,-0.0211
3,bm25,nq,utility,itg(Linsear Write),-0.0059,-0.0042
3,bm25,dl,f1,nqc,-0.0953,-0.0631
3,bm25,dl,f1,maxScore,0.1713,0.113
3,bm25,dl,f1,spatial,0.3859,0.2685
3,bm25,dl,f1,a_ratio,0.093,0.0601
3,bm25,dl,f1,bertQPP,0.2115,0.1465
3,bm25,dl,f1,prob(k),0.491,0.3505
3,bm25,dl,f1,max(perpC),0.0168,0.0118
3,bm25,dl,f1,min(perpC),0.161,0.1055
3,bm25,dl,f1,avg(perpC),0.0702,0.0475
3,bm25,dl,f1,itg(perpC),0.2821,0.1968
3,bm25,dl,f1,max(docQual),0.2261,0.1618
3,bm25,dl,f1,min(docQual),0.1874,0.1428
3,bm25,dl,f1,avg(docQual),0.2532,0.1817
3,bm25,dl,f1,itg(docQual),0.0339,0.0255
3,bm25,dl,utility,nqc,0.0041,-0.0034
3,bm25,dl,utility,maxScore,0.1137,0.079
3,bm25,dl,utility,spatial,0.3429,0.2397
3,bm25,dl,utility,a_ratio,0.1737,0.1181
3,bm25,dl,utility,bertQPP,0.3039,0.2088
3,bm25,dl,utility,prob(k),0.3345,0.2281
3,bm25,dl,utility,max(perpC),-0.1106,-0.0754
3,bm25,dl,utility,min(perpC),0.0497,0.0303
3,bm25,dl,utility,avg(perpC),-0.052,-0.0372
3,bm25,dl,utility,itg(perpC),0.1993,0.1263
3,bm25,dl,utility,max(docQual),0.1664,0.119
3,bm25,dl,utility,min(docQual),0.1946,0.1342
3,bm25,dl,utility,avg(docQual),0.2301,0.1615
3,bm25,dl,utility,itg(docQual),0.0029,-0.0026
3,mt5,nq,f1,nqc,-0.1389,-0.1059
3,mt5,nq,f1,maxScore,0.2382,0.1816
3,mt5,nq,f1,spatial,0.2643,0.2008
3,mt5,nq,f1,a_ratio,-0.0608,-0.0463
3,mt5,nq,f1,bertQPP,0.1683,0.1275
3,mt5,nq,f1,prob(k),0.2676,0.2024
3,mt5,nq,f1,max(perpC),0.1534,0.1164
3,mt5,nq,f1,min(perpC),0.1378,0.1042
3,mt5,nq,f1,avg(perpC),0.1695,0.1283
3,mt5,nq,f1,itg(perpC),0.1814,0.1374
3,mt5,nq,f1,max(docQual),0.0989,0.0756
3,mt5,nq,f1,min(docQual),0.0819,0.0622
3,mt5,nq,f1,avg(docQual),0.1132,0.0854
3,mt5,nq,f1,itg(docQual),0.0256,0.0197
3,mt5,nq,f1,itg(Dale Chall),0.0873,0.0659
3,mt5,nq,f1,itg(Spache),0.0874,0.0663
3,mt5,nq,f1,itg(Flesch-Kincaid),0.0306,0.0231
3,mt5,nq,f1,itg(Flesch),-0.0118,-0.0086
3,mt5,nq,f1,itg(Gunning Fog),0.0219,0.0165
3,mt5,nq,f1,itg(Coleman Liau),-0.0314,-0.0238
3,mt5,nq,f1,itg(ARI),0.0074,0.0055
3,mt5,nq,f1,itg(Linsear Write),0.0411,0.0312
3,mt5,nq,utility,nqc,-0.0676,-0.0494
3,mt5,nq,utility,maxScore,0.177,0.1305
3,mt5,nq,utility,spatial,0.1648,0.1208
3,mt5,nq,utility,a_ratio,0.0035,0.0027
3,mt5,nq,utility,bertQPP,0.1516,0.1116
3,mt5,nq,utility,prob(k),0.1462,0.1073
3,mt5,nq,utility,max(perpC),0.0677,0.0495
3,mt5,nq,utility,min(perpC),0.066,0.0485
3,mt5,nq,utility,avg(perpC),0.0754,0.0551
3,mt5,nq,utility,itg(perpC),0.0862,0.0633
3,mt5,nq,utility,max(docQual),0.0797,0.0586
3,mt5,nq,utility,min(docQual),0.0533,0.0391
3,mt5,nq,utility,avg(docQual),0.0727,0.0529
3,mt5,nq,utility,itg(docQual),0.0311,0.0231
3,mt5,nq,utility,itg(Dale Chall),0.0329,0.024
3,mt5,nq,utility,itg(Spache),0.0208,0.0152
3,mt5,nq,utility,itg(Flesch-Kincaid),-0.0422,-0.031
3,mt5,nq,utility,itg(Flesch),0.0569,0.0418
3,mt5,nq,utility,itg(Gunning Fog),-0.0247,-0.0183
3,mt5,nq,utility,itg(Coleman Liau),-0.0823,-0.0605
3,mt5,nq,utility,itg(ARI),-0.0613,-0.0451
3,mt5,nq,utility,itg(Linsear Write),-0.023,-0.0169
3,mt5,dl,f1,nqc,-0.096,-0.0679
3,mt5,dl,f1,maxScore,0.0882,0.0558
3,mt5,dl,f1,spatial,0.4091,0.3076
3,mt5,dl,f1,a_ratio,-0.1466,-0.1061
3,mt5,dl,f1,bertQPP,0.1808,0.1284
3,mt5,dl,f1,prob(k),0.577,0.4326
3,mt5,dl,f1,max(perpC),0.1494,0.1031
3,mt5,dl,f1,min(perpC),0.258,0.1856
3,mt5,dl,f1,avg(perpC),0.2414,0.1641
3,mt5,dl,f1,itg(perpC),0.3557,0.2486
3,mt5,dl,f1,max(docQual),0.1813,0.1248
3,mt5,dl,f1,min(docQual),0.2561,0.1823
3,mt5,dl,f1,avg(docQual),0.2586,0.1804
3,mt5,dl,f1,itg(docQual),0.0147,0.0
3,mt5,dl,utility,nqc,-0.0972,-0.0662
3,mt5,dl,utility,maxScore,0.1381,0.1022
3,mt5,dl,utility,spatial,0.2476,0.189
3,mt5,dl,utility,a_ratio,-0.0383,-0.0262
3,mt5,dl,utility,bertQPP,0.2797,0.1912
3,mt5,dl,utility,prob(k),0.4441,0.3114
3,mt5,dl,utility,max(perpC),-0.0612,-0.0404
3,mt5,dl,utility,min(perpC),0.0149,0.0073
3,mt5,dl,utility,avg(perpC),-0.0219,-0.0163
3,mt5,dl,utility,itg(perpC),0.1309,0.0801
3,mt5,dl,utility,max(docQual),0.0525,0.0426
3,mt5,dl,utility,min(docQual),0.1459,0.0972
3,mt5,dl,utility,avg(docQual),0.1209,0.0799
3,mt5,dl,utility,itg(docQual),-0.0703,-0.0488
3,e5,nq,f1,nqc,0.1605,0.1213
3,e5,nq,f1,maxScore,0.2235,0.1686
3,e5,nq,f1,spatial,0.1913,0.144
3,e5,nq,f1,a_ratio,0.228,0.1733
3,e5,nq,f1,bertQPP,0.144,0.1085
3,e5,nq,f1,prob(k),0.2924,0.2209
3,e5,nq,f1,max(perpC),0.1151,0.0869
3,e5,nq,f1,min(perpC),0.1112,0.0841
3,e5,nq,f1,avg(perpC),0.1312,0.0991
3,e5,nq,f1,itg(perpC),0.1532,0.1155
3,e5,nq,f1,max(docQual),0.1026,0.0786
3,e5,nq,f1,min(docQual),0.0927,0.0706
3,e5,nq,f1,avg(docQual),0.1133,0.0858
3,e5,nq,f1,itg(docQual),0.024,0.0183
3,e5,nq,f1,itg(Dale Chall),0.0536,0.0403
3,e5,nq,f1,itg(Spache),0.0452,0.0342
3,e5,nq,f1,itg(Flesch-Kincaid),-0.0191,-0.0145
3,e5,nq,f1,itg(Flesch),0.0292,0.0223
3,e5,nq,f1,itg(Gunning Fog),-0.0295,-0.0224
3,e5,nq,f1,itg(Coleman Liau),-0.0509,-0.0386
3,e5,nq,f1,itg(ARI),-0.0321,-0.0242
3,e5,nq,f1,itg(Linsear Write),-0.0017,-0.0014
3,e5,nq,utility,nqc,0.1398,0.102
3,e5,nq,utility,maxScore,0.1181,0.0856
3,e5,nq,utility,spatial,0.0943,0.0684
3,e5,nq,utility,a_ratio,0.1782,0.1309
3,e5,nq,utility,bertQPP,0.116,0.0848
3,e5,nq,utility,prob(k),0.1643,0.121
3,e5,nq,utility,max(perpC),0.0338,0.0245
3,e5,nq,utility,min(perpC),0.0404,0.0295
3,e5,nq,utility,avg(perpC),0.0395,0.0288
3,e5,nq,utility,itg(perpC),0.0645,0.047
3,e5,nq,utility,max(docQual),0.0801,0.0591
3,e5,nq,utility,min(docQual),0.0454,0.0334
3,e5,nq,utility,avg(docQual),0.0689,0.0504
3,e5,nq,utility,itg(docQual),0.0263,0.0194
3,e5,nq,utility,itg(Dale Chall),0.0095,0.0069
3,e5,nq,utility,itg(Spache),-0.0105,-0.0076
3,e5,nq,utility,itg(Flesch-Kincaid),-0.0827,-0.0605
3,e5,nq,utility,itg(Flesch),0.0877,0.0642
3,e5,nq,utility,itg(Gunning Fog),-0.0687,-0.0503
3,e5,nq,utility,itg(Coleman Liau),-0.0907,-0.0666
3,e5,nq,utility,itg(ARI),-0.089,-0.0651
3,e5,nq,utility,itg(Linsear Write),-0.0616,-0.0452
3,e5,dl,f1,nqc,-0.033,-0.0232
3,e5,dl,f1,maxScore,0.3789,0.2586
3,e5,dl,f1,spatial,0.2378,0.1632
3,e5,dl,f1,a_ratio,-0.0042,0.0
3,e5,dl,f1,bertQPP,0.1499,0.1009
3,e5,dl,f1,prob(k),0.3791,0.2603
3,e5,dl,f1,max(perpC),0.2027,0.1392
3,e5,dl,f1,min(perpC),0.305,0.2069
3,e5,dl,f1,avg(perpC),0.2376,0.1592
3,e5,dl,f1,itg(perpC),0.2729,0.1799
3,e5,dl,f1,max(docQual),-0.0408,-0.0193
3,e5,dl,f1,min(docQual),-0.0342,-0.0177
3,e5,dl,f1,avg(docQual),-0.0028,0.0095
3,e5,dl,f1,itg(docQual),-0.0177,-0.0035
3,e5,dl,utility,nqc,0.0718,0.0558
3,e5,dl,utility,maxScore,0.3076,0.2113
3,e5,dl,utility,spatial,0.1364,0.1022
3,e5,dl,utility,a_ratio,0.0644,0.0387
3,e5,dl,utility,bertQPP,0.2105,0.1482
3,e5,dl,utility,prob(k),0.209,0.1452
3,e5,dl,utility,max(perpC),0.0104,0.0103
3,e5,dl,utility,min(perpC),0.1027,0.0651
3,e5,dl,utility,avg(perpC),0.0244,0.0165
3,e5,dl,utility,itg(perpC),0.1075,0.0634
3,e5,dl,utility,max(docQual),-0.1452,-0.1003
3,e5,dl,utility,min(docQual),-0.0473,-0.0302
3,e5,dl,utility,avg(docQual),-0.0493,-0.0335
3,e5,dl,utility,itg(docQual),-0.0695,-0.0428
5,bm25,nq,f1,nqc,0.1258,0.0962
5,bm25,nq,f1,maxScore,0.1573,0.1206
5,bm25,nq,f1,spatial,0.2139,0.1633
5,bm25,nq,f1,a_ratio,0.1256,0.0962
5,bm25,nq,f1,bertQPP,0.1894,0.1454
5,bm25,nq,f1,prob(k),0.3256,0.2491
5,bm25,nq,f1,max(perpC),0.1175,0.0903
5,bm25,nq,f1,min(perpC),0.0747,0.0572
5,bm25,nq,f1,avg(perpC),0.1059,0.0812
5,bm25,nq,f1,itg(perpC),0.1108,0.085
5,bm25,nq,f1,max(docQual),0.0684,0.053
5,bm25,nq,f1,min(docQual),0.0732,0.0564
5,bm25,nq,f1,avg(docQual),0.0817,0.0624
5,bm25,nq,f1,itg(docQual),0.0342,0.0264
5,bm25,nq,f1,itg(Dale Chall),0.068,0.052
5,bm25,nq,f1,itg(Spache),0.0614,0.0471
5,bm25,nq,f1,itg(Flesch-Kincaid),0.045,0.0346
5,bm25,nq,f1,itg(Flesch),-0.0334,-0.0254
5,bm25,nq,f1,itg(Gunning Fog),0.034,0.0259
5,bm25,nq,f1,itg(Coleman Liau),-0.0055,-0.0043
5,bm25,nq,f1,itg(ARI),0.0266,0.0203
5,bm25,nq,f1,itg(Linsear Write),0.0473,0.0362
5,bm25,nq,utility,nqc,0.1312,0.0965
5,bm25,nq,utility,maxScore,0.1345,0.0991
5,bm25,nq,utility,spatial,0.1564,0.1154
5,bm25,nq,utility,a_ratio,0.1382,0.1018
5,bm25,nq,utility,bertQPP,0.1625,0.1203
5,bm25,nq,utility,prob(k),0.182,0.1347
5,bm25,nq,utility,max(perpC),0.0641,0.0472
5,bm25,nq,utility,min(perpC),0.0244,0.0179
5,bm25,nq,utility,avg(perpC),0.0505,0.0372
5,bm25,nq,utility,itg(perpC),0.0583,0.0431
5,bm25,nq,utility,max(docQual),0.0411,0.0303
5,bm25,nq,utility,min(docQual),0.0501,0.037
5,bm25,nq,utility,avg(docQual),0.0428,0.0314
5,bm25,nq,utility,itg(docQual),0.0239,0.0177
5,bm25,nq,utility,itg(Dale Chall),0.0135,0.01
5,bm25,nq,utility,itg(Spache),0.007,0.0052
5,bm25,nq,utility,itg(Flesch-Kincaid),-0.0223,-0.0164
5,bm25,nq,utility,itg(Flesch),0.0308,0.0227
5,bm25,nq,utility,itg(Gunning Fog),-0.0121,-0.009
5,bm25,nq,utility,itg(Coleman Liau),-0.0464,-0.0344
5,bm25,nq,utility,itg(ARI),-0.0302,-0.0222
5,bm25,nq,utility,itg(Linsear Write),-0.0146,-0.0107
5,bm25,dl,f1,nqc,-0.0684,-0.0537
5,bm25,dl,f1,maxScore,0.1956,0.1357
5,bm25,dl,f1,spatial,0.5045,0.3505
5,bm25,dl,f1,a_ratio,0.0603,0.0357
5,bm25,dl,f1,bertQPP,0.1039,0.0679
5,bm25,dl,f1,prob(k),0.6199,0.4656
5,bm25,dl,f1,max(perpC),-0.0823,-0.0514
5,bm25,dl,f1,min(perpC),0.2291,0.1459
5,bm25,dl,f1,avg(perpC),0.0717,0.0548
5,bm25,dl,f1,itg(perpC),0.2914,0.2019
5,bm25,dl,f1,max(docQual),0.2146,0.1442
5,bm25,dl,f1,min(docQual),0.2567,0.1778
5,bm25,dl,f1,avg(docQual),0.2829,0.201
5,bm25,dl,f1,itg(docQual),0.0412,0.0236
5,bm25,dl,utility,nqc,0.041,0.0301
5,bm25,dl,utility,maxScore,0.2208,0.1465
5,bm25,dl,utility,spatial,0.4987,0.3406
5,bm25,dl,utility,a_ratio,0.1513,0.0979
5,bm25,dl,utility,bertQPP,0.2613,0.1808
5,bm25,dl,utility,prob(k),0.4546,0.326
5,bm25,dl,utility,max(perpC),-0.2189,-0.1528
5,bm25,dl,utility,min(perpC),0.1155,0.0754
5,bm25,dl,utility,avg(perpC),-0.0755,-0.0488
5,bm25,dl,utility,itg(perpC),0.1878,0.1371
5,bm25,dl,utility,max(docQual),0.1523,0.1005
5,bm25,dl,utility,min(docQual),0.228,0.1545
5,bm25,dl,utility,avg(docQual),0.2544,0.1697
5,bm25,dl,utility,itg(docQual),-0.0256,-0.021
5,mt5,nq,f1,nqc,-0.1042,-0.0796
5,mt5,nq,f1,maxScore,0.2105,0.1603
5,mt5,nq,f1,spatial,0.2241,0.1698
5,mt5,nq,f1,a_ratio,-0.0682,-0.052
5,mt5,nq,f1,bertQPP,0.1333,0.1009
5,mt5,nq,f1,prob(k),0.3225,0.2435
5,mt5,nq,f1,max(perpC),0.1181,0.0899
5,mt5,nq,f1,min(perpC),0.1059,0.0805
5,mt5,nq,f1,avg(perpC),0.1365,0.1036
5,mt5,nq,f1,itg(perpC),0.1485,0.1126
5,mt5,nq,f1,max(docQual),0.0632,0.0489
5,mt5,nq,f1,min(docQual),0.0518,0.0397
5,mt5,nq,f1,avg(docQual),0.0843,0.0639
5,mt5,nq,f1,itg(docQual),0.0223,0.017
5,mt5,nq,f1,itg(Dale Chall),0.0633,0.0479
5,mt5,nq,f1,itg(Spache),0.0808,0.0613
5,mt5,nq,f1,itg(Flesch-Kincaid),0.0357,0.0273
5,mt5,nq,f1,itg(Flesch),-0.0217,-0.0166
5,mt5,nq,f1,itg(Gunning Fog),0.0309,0.0235
5,mt5,nq,f1,itg(Coleman Liau),-0.0026,-0.002
5,mt5,nq,f1,itg(ARI),0.0291,0.0223
5,mt5,nq,f1,itg(Linsear Write),0.049,0.0373
5,mt5,nq,utility,nqc,-0.035,-0.0255
5,mt5,nq,utility,maxScore,0.1556,0.1145
5,mt5,nq,utility,spatial,0.1422,0.1038
5,mt5,nq,utility,a_ratio,-0.0081,-0.0058
5,mt5,nq,utility,bertQPP,0.12,0.0885
5,mt5,nq,utility,prob(k),0.195,0.1432
5,mt5,nq,utility,max(perpC),0.039,0.0285
5,mt5,nq,utility,min(perpC),0.0465,0.034
5,mt5,nq,utility,avg(perpC),0.053,0.0388
5,mt5,nq,utility,itg(perpC),0.0733,0.0538
5,mt5,nq,utility,max(docQual),0.0613,0.0455
5,mt5,nq,utility,min(docQual),0.0296,0.0216
5,mt5,nq,utility,avg(docQual),0.0534,0.0388
5,mt5,nq,utility,itg(docQual),0.0321,0.0237
5,mt5,nq,utility,itg(Dale Chall),0.0096,0.0071
5,mt5,nq,utility,itg(Spache),0.0216,0.0158
5,mt5,nq,utility,itg(Flesch-Kincaid),-0.0375,-0.0274
5,mt5,nq,utility,itg(Flesch),0.0494,0.0361
5,mt5,nq,utility,itg(Gunning Fog),-0.0238,-0.017
5,mt5,nq,utility,itg(Coleman Liau),-0.0566,-0.0417
5,mt5,nq,utility,itg(ARI),-0.0387,-0.0282
5,mt5,nq,utility,itg(Linsear Write),-0.0149,-0.0107
5,mt5,dl,f1,nqc,-0.0435,-0.0296
5,mt5,dl,f1,maxScore,0.0944,0.061
5,mt5,dl,f1,spatial,0.3784,0.2784
5,mt5,dl,f1,a_ratio,-0.0748,-0.0537
5,mt5,dl,f1,bertQPP,0.1734,0.1173
5,mt5,dl,f1,prob(k),0.6267,0.4669
5,mt5,dl,f1,max(perpC),0.1112,0.0782
5,mt5,dl,f1,min(perpC),0.3159,0.2263
5,mt5,dl,f1,avg(perpC),0.2498,0.1705
5,mt5,dl,f1,itg(perpC),0.3043,0.2116
5,mt5,dl,f1,max(docQual),0.1888,0.1273
5,mt5,dl,f1,min(docQual),0.0896,0.0727
5,mt5,dl,f1,avg(docQual),0.2097,0.1452
5,mt5,dl,f1,itg(docQual),0.0456,0.0302
5,mt5,dl,utility,nqc,0.0129,0.0107
5,mt5,dl,utility,maxScore,0.1649,0.1082
5,mt5,dl,utility,spatial,0.2225,0.1529
5,mt5,dl,utility,a_ratio,0.0436,0.0253
5,mt5,dl,utility,bertQPP,0.282,0.198
5,mt5,dl,utility,prob(k),0.5472,0.4008
5,mt5,dl,utility,max(perpC),-0.1113,-0.0752
5,mt5,dl,utility,min(perpC),0.0941,0.0561
5,mt5,dl,utility,avg(perpC),-0.0263,-0.0279
5,mt5,dl,utility,itg(perpC),0.1192,0.0767
5,mt5,dl,utility,max(docQual),0.0844,0.0602
5,mt5,dl,utility,min(docQual),-0.0149,-0.0071
5,mt5,dl,utility,avg(docQual),0.0825,0.0515
5,mt5,dl,utility,itg(docQual),-0.0531,-0.0384
5,e5,nq,f1,nqc,0.1693,0.1276
5,e5,nq,f1,maxScore,0.1792,0.1346
5,e5,nq,f1,spatial,0.1484,0.1112
5,e5,nq,f1,a_ratio,0.2093,0.1584
5,e5,nq,f1,bertQPP,0.1291,0.0972
5,e5,nq,f1,prob(k),0.3048,0.2289
5,e5,nq,f1,max(perpC),0.0656,0.0497
5,e5,nq,f1,min(perpC),0.0481,0.0364
5,e5,nq,f1,avg(perpC),0.0686,0.0519
5,e5,nq,f1,itg(perpC),0.0922,0.0696
5,e5,nq,f1,max(docQual),0.0609,0.0466
5,e5,nq,f1,min(docQual),0.0362,0.0276
5,e5,nq,f1,avg(docQual),0.0666,0.0502
5,e5,nq,f1,itg(docQual),0.0264,0.0199
5,e5,nq,f1,itg(Dale Chall),0.011,0.0083
5,e5,nq,f1,itg(Spache),0.0086,0.0064
5,e5,nq,f1,itg(Flesch-Kincaid),-0.024,-0.0178
5,e5,nq,f1,itg(Flesch),0.0293,0.0221
5,e5,nq,f1,itg(Gunning Fog),-0.0435,-0.0328
5,e5,nq,f1,itg(Coleman Liau),-0.0316,-0.0239
5,e5,nq,f1,itg(ARI),-0.028,-0.0209
5,e5,nq,f1,itg(Linsear Write),-0.0135,-0.01
5,e5,nq,utility,nqc,0.147,0.1072
5,e5,nq,utility,maxScore,0.0798,0.0577
5,e5,nq,utility,spatial,0.0492,0.0355
5,e5,nq,utility,a_ratio,0.1623,0.1185
5,e5,nq,utility,bertQPP,0.1071,0.0784
5,e5,nq,utility,prob(k),0.1767,0.1286
5,e5,nq,utility,max(perpC),-0.0126,-0.0091
5,e5,nq,utility,min(perpC),-0.0172,-0.0124
5,e5,nq,utility,avg(perpC),-0.0257,-0.0186
5,e5,nq,utility,itg(perpC),0.0026,0.0021
5,e5,nq,utility,max(docQual),0.0524,0.0382
5,e5,nq,utility,min(docQual),0.0044,0.0032
5,e5,nq,utility,avg(docQual),0.0337,0.0245
5,e5,nq,utility,itg(docQual),0.0327,0.0239
5,e5,nq,utility,itg(Dale Chall),-0.0369,-0.0269
5,e5,nq,utility,itg(Spache),-0.0463,-0.034
5,e5,nq,utility,itg(Flesch-Kincaid),-0.0811,-0.0588
5,e5,nq,utility,itg(Flesch),0.0808,0.0588
5,e5,nq,utility,itg(Gunning Fog),-0.0788,-0.0572
5,e5,nq,utility,itg(Coleman Liau),-0.0693,-0.0506
5,e5,nq,utility,itg(ARI),-0.0797,-0.0579
5,e5,nq,utility,itg(Linsear Write),-0.07,-0.051
5,e5,dl,f1,nqc,0.0452,0.0387
5,e5,dl,f1,maxScore,0.4604,0.3213
5,e5,dl,f1,spatial,0.2694,0.1856
5,e5,dl,f1,a_ratio,0.0233,0.0189
5,e5,dl,f1,bertQPP,0.1239,0.0855
5,e5,dl,f1,prob(k),0.5383,0.3875
5,e5,dl,f1,max(perpC),0.1378,0.0958
5,e5,dl,f1,min(perpC),0.2674,0.1852
5,e5,dl,f1,avg(perpC),0.2275,0.1529
5,e5,dl,f1,itg(perpC),0.2967,0.2073
5,e5,dl,f1,max(docQual),-0.005,0.002
5,e5,dl,f1,min(docQual),0.0724,0.0593
5,e5,dl,f1,avg(docQual),0.0778,0.0571
5,e5,dl,f1,itg(docQual),0.0185,0.0155
5,e5,dl,utility,nqc,0.1252,0.0911
5,e5,dl,utility,maxScore,0.3741,0.2577
5,e5,dl,utility,spatial,0.1348,0.0936
5,e5,dl,utility,a_ratio,0.076,0.0533
5,e5,dl,utility,bertQPP,0.1721,0.1207
5,e5,dl,utility,prob(k),0.4178,0.2955
5,e5,dl,utility,max(perpC),-0.0408,-0.0348
5,e5,dl,utility,min(perpC),0.1063,0.0735
5,e5,dl,utility,avg(perpC),0.0143,0.012
5,e5,dl,utility,itg(perpC),0.1466,0.0964
5,e5,dl,utility,max(docQual),-0.116,-0.0727
5,e5,dl,utility,min(docQual),-0.0819,-0.0537
5,e5,dl,utility,avg(docQual),-0.0487,-0.0288
5,e5,dl,utility,itg(docQual),-0.092,-0.0574
7,bm25,nq,f1,nqc,0.156,0.1195
7,bm25,nq,f1,maxScore,0.1622,0.1246
7,bm25,nq,f1,spatial,0.1897,0.145
7,bm25,nq,f1,a_ratio,0.1419,0.1088
7,bm25,nq,f1,bertQPP,0.188,0.1442
7,bm25,nq,f1,prob(k),0.3856,0.295
7,bm25,nq,f1,max(perpC),0.0988,0.0762
7,bm25,nq,f1,min(perpC),0.0553,0.0426
7,bm25,nq,f1,avg(perpC),0.0767,0.0592
7,bm25,nq,f1,itg(perpC),0.0752,0.0581
7,bm25,nq,f1,max(docQual),0.0548,0.0426
7,bm25,nq,f1,min(docQual),0.0534,0.0413
7,bm25,nq,f1,avg(docQual),0.0674,0.0517
7,bm25,nq,f1,itg(docQual),0.0353,0.0272
7,bm25,nq,f1,max(Dale Chall),0.0452,0.0345
7,bm25,nq,f1,min(Dale Chall),0.073,0.0562
7,bm25,nq,f1,avg(Dale Chall),0.0828,0.0634
7,bm25,nq,f1,itg(Dale Chall),0.0819,0.0627
7,bm25,nq,f1,max(Spache),0.0248,0.0191
7,bm25,nq,f1,min(Spache),0.0772,0.0593
7,bm25,nq,f1,avg(Spache),0.0626,0.048
7,bm25,nq,f1,itg(Spache),0.063,0.0484
7,bm25,nq,f1,max(Flesch-Kincaid),0.0216,0.0165
7,bm25,nq,f1,min(Flesch-Kincaid),0.0711,0.0542
7,bm25,nq,f1,avg(Flesch-Kincaid),0.061,0.0466
7,bm25,nq,f1,itg(Flesch-Kincaid),0.0654,0.05
7,bm25,nq,f1,max(Flesch),-0.0699,-0.0533
7,bm25,nq,f1,min(Flesch),-0.0354,-0.0272
7,bm25,nq,f1,avg(Flesch),-0.0634,-0.0484
7,bm25,nq,f1,itg(Flesch),-0.0668,-0.051
7,bm25,nq,f1,max(Gunning Fog),0.0082,0.0062
7,bm25,nq,f1,min(Gunning Fog),0.0466,0.0353
7,bm25,nq,f1,avg(Gunning Fog),0.0439,0.0333
7,bm25,nq,f1,itg(Gunning Fog),0.0492,0.0374
7,bm25,nq,f1,max(Coleman Liau),0.0237,0.0181
7,bm25,nq,f1,min(Coleman Liau),0.0441,0.034
7,bm25,nq,f1,avg(Coleman Liau),0.0333,0.0257
7,bm25,nq,f1,itg(Coleman Liau),0.0305,0.0236
7,bm25,nq,f1,max(ARI),0.0092,0.007
7,bm25,nq,f1,min(ARI),0.0494,0.0377
7,bm25,nq,f1,avg(ARI),0.039,0.0299
7,bm25,nq,f1,itg(ARI),0.0443,0.0337
7,bm25,nq,f1,max(Linsear Write),0.0103,0.0079
7,bm25,nq,f1,min(Linsear Write),0.0499,0.0382
7,bm25,nq,f1,avg(Linsear Write),0.0432,0.033
7,bm25,nq,f1,itg(Linsear Write),0.0501,0.0384
7,bm25,nq,utility,nqc,0.1581,0.1166
7,bm25,nq,utility,maxScore,0.1372,0.1011
7,bm25,nq,utility,spatial,0.1298,0.0953
7,bm25,nq,utility,a_ratio,0.1505,0.1108
7,bm25,nq,utility,bertQPP,0.1643,0.1213
7,bm25,nq,utility,prob(k),0.2256,0.1671
7,bm25,nq,utility,max(perpC),0.0397,0.0293
7,bm25,nq,utility,min(perpC),0.008,0.006
7,bm25,nq,utility,avg(perpC),0.0203,0.0151
7,bm25,nq,utility,itg(perpC),0.0222,0.0166
7,bm25,nq,utility,max(docQual),0.0266,0.0197
7,bm25,nq,utility,min(docQual),0.0349,0.026
7,bm25,nq,utility,avg(docQual),0.0289,0.0213
7,bm25,nq,utility,itg(docQual),0.0292,0.0216
7,bm25,nq,utility,max(Dale Chall),0.0149,0.011
7,bm25,nq,utility,min(Dale Chall),-0.0052,-0.0037
7,bm25,nq,utility,avg(Dale Chall),0.0163,0.0122
7,bm25,nq,utility,itg(Dale Chall),0.0179,0.0134
7,bm25,nq,utility,max(Spache),0.0021,0.0016
7,bm25,nq,utility,min(Spache),-0.0019,-0.0012
7,bm25,nq,utility,avg(Spache),0.0019,0.0014
7,bm25,nq,utility,itg(Spache),0.0027,0.0022
7,bm25,nq,utility,max(Flesch-Kincaid),-0.0264,-0.0195
7,bm25,nq,utility,min(Flesch-Kincaid),0.0076,0.0055
7,bm25,nq,utility,avg(Flesch-Kincaid),-0.0092,-0.0067
7,bm25,nq,utility,itg(Flesch-Kincaid),-0.0068,-0.0052
7,bm25,nq,utility,max(Flesch),-0.0073,-0.0052
7,bm25,nq,utility,min(Flesch),0.0201,0.0148
7,bm25,nq,utility,avg(Flesch),0.0012,0.001
7,bm25,nq,utility,itg(Flesch),-0.0002,0.0
7,bm25,nq,utility,max(Gunning Fog),-0.0221,-0.0163
7,bm25,nq,utility,min(Gunning Fog),0.002,0.0014
7,bm25,nq,utility,avg(Gunning Fog),-0.0055,-0.004
7,bm25,nq,utility,itg(Gunning Fog),-0.0032,-0.0024
7,bm25,nq,utility,max(Coleman Liau),-0.0183,-0.0135
7,bm25,nq,utility,min(Coleman Liau),0.0064,0.0047
7,bm25,nq,utility,avg(Coleman Liau),-0.0094,-0.007
7,bm25,nq,utility,itg(Coleman Liau),-0.0119,-0.0088
7,bm25,nq,utility,max(ARI),-0.0326,-0.0238
7,bm25,nq,utility,min(ARI),0.0052,0.0036
7,bm25,nq,utility,avg(ARI),-0.0189,-0.014
7,bm25,nq,utility,itg(ARI),-0.0185,-0.0138
7,bm25,nq,utility,max(Linsear Write),-0.026,-0.0192
7,bm25,nq,utility,min(Linsear Write),-0.0072,-0.0053
7,bm25,nq,utility,avg(Linsear Write),-0.0218,-0.0161
7,bm25,nq,utility,itg(Linsear Write),-0.0152,-0.0114
7,bm25,dl,f1,nqc,-0.0328,-0.0289
7,bm25,dl,f1,maxScore,0.1978,0.1303
7,bm25,dl,f1,spatial,0.4528,0.311
7,bm25,dl,f1,a_ratio,0.0933,0.0535
7,bm25,dl,f1,bertQPP,0.129,0.0877
7,bm25,dl,f1,prob(k),0.5836,0.4263
7,bm25,dl,f1,max(perpC),0.0678,0.0369
7,bm25,dl,f1,min(perpC),0.2896,0.1977
7,bm25,dl,f1,avg(perpC),0.2023,0.1305
7,bm25,dl,f1,itg(perpC),0.3302,0.2247
7,bm25,dl,f1,max(docQual),0.2404,0.1611
7,bm25,dl,f1,min(docQual),0.1722,0.1312
7,bm25,dl,f1,avg(docQual),0.2257,0.1667
7,bm25,dl,f1,itg(docQual),0.0223,0.0126
7,bm25,dl,utility,nqc,0.0581,0.0412
7,bm25,dl,utility,maxScore,0.2235,0.1496
7,bm25,dl,utility,spatial,0.4241,0.2917
7,bm25,dl,utility,a_ratio,0.187,0.1184
7,bm25,dl,utility,bertQPP,0.2722,0.1868
7,bm25,dl,utility,prob(k),0.4175,0.2991
7,bm25,dl,utility,max(perpC),-0.0904,-0.065
7,bm25,dl,utility,min(perpC),0.1318,0.0814
7,bm25,dl,utility,avg(perpC),0.0113,0.0015
7,bm25,dl,utility,itg(perpC),0.2226,0.147
7,bm25,dl,utility,max(docQual),0.2194,0.1518
7,bm25,dl,utility,min(docQual),0.1818,0.1255
7,bm25,dl,utility,avg(docQual),0.2123,0.1482
7,bm25,dl,utility,itg(docQual),-0.0145,-0.0135
7,mt5,nq,f1,nqc,-0.0862,-0.0661
7,mt5,nq,f1,maxScore,0.205,0.1568
7,mt5,nq,f1,spatial,0.1859,0.1407
7,mt5,nq,f1,a_ratio,-0.0636,-0.0485
7,mt5,nq,f1,bertQPP,0.1368,0.1037
7,mt5,nq,f1,prob(k),0.3494,0.2639
7,mt5,nq,f1,max(perpC),0.0986,0.0751
7,mt5,nq,f1,min(perpC),0.0684,0.052
7,mt5,nq,f1,avg(perpC),0.1002,0.076
7,mt5,nq,f1,itg(perpC),0.1098,0.083
7,mt5,nq,f1,max(docQual),0.062,0.048
7,mt5,nq,f1,min(docQual),0.0402,0.0309
7,mt5,nq,f1,avg(docQual),0.0722,0.0549
7,mt5,nq,f1,itg(docQual),0.0132,0.0099
7,mt5,nq,f1,max(Dale Chall),0.0229,0.0173
7,mt5,nq,f1,min(Dale Chall),0.0791,0.0599
7,mt5,nq,f1,avg(Dale Chall),0.0692,0.0523
7,mt5,nq,f1,itg(Dale Chall),0.0692,0.0524
7,mt5,nq,f1,max(Spache),0.0197,0.0149
7,mt5,nq,f1,min(Spache),0.0794,0.0605
7,mt5,nq,f1,avg(Spache),0.0656,0.0499
7,mt5,nq,f1,itg(Spache),0.0688,0.0523
7,mt5,nq,f1,max(Flesch-Kincaid),-0.003,-0.0024
7,mt5,nq,f1,min(Flesch-Kincaid),0.051,0.0386
7,mt5,nq,f1,avg(Flesch-Kincaid),0.0253,0.0189
7,mt5,nq,f1,itg(Flesch-Kincaid),0.0336,0.0255
7,mt5,nq,f1,max(Flesch),-0.0503,-0.038
7,mt5,nq,f1,min(Flesch),-0.001,-0.0008
7,mt5,nq,f1,avg(Flesch),-0.0279,-0.0209
7,mt5,nq,f1,itg(Flesch),-0.032,-0.0241
7,mt5,nq,f1,max(Gunning Fog),-0.0213,-0.0164
7,mt5,nq,f1,min(Gunning Fog),0.0249,0.0186
7,mt5,nq,f1,avg(Gunning Fog),0.0138,0.0102
7,mt5,nq,f1,itg(Gunning Fog),0.02,0.0151
7,mt5,nq,f1,max(Coleman Liau),0.0032,0.0023
7,mt5,nq,f1,min(Coleman Liau),0.0188,0.0142
7,mt5,nq,f1,avg(Coleman Liau),0.0106,0.008
7,mt5,nq,f1,itg(Coleman Liau),0.0106,0.0081
7,mt5,nq,f1,max(ARI),-0.0079,-0.0062
7,mt5,nq,f1,min(ARI),0.0386,0.0292
7,mt5,nq,f1,avg(ARI),0.0152,0.0115
7,mt5,nq,f1,itg(ARI),0.0286,0.0218
7,mt5,nq,f1,max(Linsear Write),0.0002,0.0001
7,mt5,nq,f1,min(Linsear Write),0.0351,0.0268
7,mt5,nq,f1,avg(Linsear Write),0.0256,0.0194
7,mt5,nq,f1,itg(Linsear Write),0.034,0.0259
7,mt5,nq,utility,nqc,-0.0133,-0.0097
7,mt5,nq,utility,maxScore,0.149,0.1099
7,mt5,nq,utility,spatial,0.1049,0.0768
7,mt5,nq,utility,a_ratio,-0.0005,-0.0001
7,mt5,nq,utility,bertQPP,0.1216,0.0895
7,mt5,nq,utility,prob(k),0.2145,0.1581
7,mt5,nq,utility,max(perpC),0.0191,0.0139
7,mt5,nq,utility,min(perpC),0.004,0.0029
7,mt5,nq,utility,avg(perpC),0.0118,0.0087
7,mt5,nq,utility,itg(perpC),0.0323,0.0237
7,mt5,nq,utility,max(docQual),0.0615,0.0458
7,mt5,nq,utility,min(docQual),0.0219,0.0166
7,mt5,nq,utility,avg(docQual),0.0447,0.033
7,mt5,nq,utility,itg(docQual),0.0203,0.015
7,mt5,nq,utility,max(Dale Chall),-0.0154,-0.0113
7,mt5,nq,utility,min(Dale Chall),0.0038,0.0029
7,mt5,nq,utility,avg(Dale Chall),0.0065,0.0047
7,mt5,nq,utility,itg(Dale Chall),0.0078,0.0058
7,mt5,nq,utility,max(Spache),-0.0144,-0.0107
7,mt5,nq,utility,min(Spache),-0.0019,-0.0014
7,mt5,nq,utility,avg(Spache),-0.0008,-0.0006
7,mt5,nq,utility,itg(Spache),0.001,0.0005
7,mt5,nq,utility,max(Flesch-Kincaid),-0.0564,-0.0416
7,mt5,nq,utility,min(Flesch-Kincaid),-0.0214,-0.0159
7,mt5,nq,utility,avg(Flesch-Kincaid),-0.0513,-0.0378
7,mt5,nq,utility,itg(Flesch-Kincaid),-0.0451,-0.0332
7,mt5,nq,utility,max(Flesch),0.0215,0.0159
7,mt5,nq,utility,min(Flesch),0.0562,0.0414
7,mt5,nq,utility,avg(Flesch),0.042,0.031
7,mt5,nq,utility,itg(Flesch),0.0399,0.0292
7,mt5,nq,utility,max(Gunning Fog),-0.0557,-0.0411
7,mt5,nq,utility,min(Gunning Fog),-0.0229,-0.017
7,mt5,nq,utility,avg(Gunning Fog),-0.0406,-0.0297
7,mt5,nq,utility,itg(Gunning Fog),-0.0359,-0.0263
7,mt5,nq,utility,max(Coleman Liau),-0.0513,-0.0377
7,mt5,nq,utility,min(Coleman Liau),-0.0293,-0.0216
7,mt5,nq,utility,avg(Coleman Liau),-0.0383,-0.0281
7,mt5,nq,utility,itg(Coleman Liau),-0.0378,-0.0278
7,mt5,nq,utility,max(ARI),-0.057,-0.0421
7,mt5,nq,utility,min(ARI),-0.0278,-0.0204
7,mt5,nq,utility,avg(ARI),-0.0527,-0.0387
7,mt5,nq,utility,itg(ARI),-0.0442,-0.0323
7,mt5,nq,utility,max(Linsear Write),-0.0471,-0.0348
7,mt5,nq,utility,min(Linsear Write),-0.0325,-0.0244
7,mt5,nq,utility,avg(Linsear Write),-0.0474,-0.0349
7,mt5,nq,utility,itg(Linsear Write),-0.0383,-0.0281
7,mt5,dl,f1,nqc,-0.0447,-0.0377
7,mt5,dl,f1,maxScore,0.0679,0.0408
7,mt5,dl,f1,spatial,0.4028,0.2895
7,mt5,dl,f1,a_ratio,-0.0819,-0.0592
7,mt5,dl,f1,bertQPP,0.1732,0.118
7,mt5,dl,f1,prob(k),0.583,0.4189
7,mt5,dl,f1,max(perpC),0.0573,0.0347
7,mt5,dl,f1,min(perpC),0.2298,0.1595
7,mt5,dl,f1,avg(perpC),0.1897,0.1351
7,mt5,dl,f1,itg(perpC),0.2664,0.1819
7,mt5,dl,f1,max(docQual),0.0268,0.0109
7,mt5,dl,f1,min(docQual),-0.0005,0.0049
7,mt5,dl,f1,avg(docQual),0.0645,0.0487
7,mt5,dl,f1,itg(docQual),-0.0482,-0.0252
7,mt5,dl,utility,nqc,0.0118,0.0048
7,mt5,dl,utility,maxScore,0.1532,0.1
7,mt5,dl,utility,spatial,0.2411,0.1575
7,mt5,dl,utility,a_ratio,0.0209,0.0105
7,mt5,dl,utility,bertQPP,0.2682,0.1886
7,mt5,dl,utility,prob(k),0.4784,0.3368
7,mt5,dl,utility,max(perpC),-0.0412,-0.0303
7,mt5,dl,utility,min(perpC),0.0051,0.0033
7,mt5,dl,utility,avg(perpC),-0.0367,-0.0294
7,mt5,dl,utility,itg(perpC),0.1261,0.0823
7,mt5,dl,utility,max(docQual),-0.0733,-0.0498
7,mt5,dl,utility,min(docQual),-0.1332,-0.0958
7,mt5,dl,utility,avg(docQual),-0.0735,-0.0465
7,mt5,dl,utility,itg(docQual),-0.1737,-0.1146
7,e5,nq,f1,nqc,0.1698,0.1287
7,e5,nq,f1,maxScore,0.1707,0.1286
7,e5,nq,f1,spatial,0.1245,0.0938
7,e5,nq,f1,a_ratio,0.1938,0.147
7,e5,nq,f1,bertQPP,0.1317,0.0992
7,e5,nq,f1,prob(k),0.342,0.2572
7,e5,nq,f1,max(perpC),0.0674,0.0511
7,e5,nq,f1,min(perpC),0.0225,0.017
7,e5,nq,f1,avg(perpC),0.0595,0.0448
7,e5,nq,f1,itg(perpC),0.079,0.0597
7,e5,nq,f1,max(docQual),0.0449,0.0345
7,e5,nq,f1,min(docQual),0.0137,0.0104
7,e5,nq,f1,avg(docQual),0.0427,0.0322
7,e5,nq,f1,itg(docQual),0.0005,0.0004
7,e5,nq,f1,max(Dale Chall),0.0094,0.0071
7,e5,nq,f1,min(Dale Chall),0.0244,0.0185
7,e5,nq,f1,avg(Dale Chall),0.019,0.0146
7,e5,nq,f1,itg(Dale Chall),0.0206,0.0156
7,e5,nq,f1,max(Spache),0.0144,0.0109
7,e5,nq,f1,min(Spache),0.0252,0.0191
7,e5,nq,f1,avg(Spache),0.0118,0.0089
7,e5,nq,f1,itg(Spache),0.0117,0.0087
7,e5,nq,f1,max(Flesch-Kincaid),-0.0352,-0.0268
7,e5,nq,f1,min(Flesch-Kincaid),-0.0159,-0.012
7,e5,nq,f1,avg(Flesch-Kincaid),-0.0317,-0.0236
7,e5,nq,f1,itg(Flesch-Kincaid),-0.0267,-0.02
7,e5,nq,f1,max(Flesch),0.0139,0.0106
7,e5,nq,f1,min(Flesch),0.0495,0.0376
7,e5,nq,f1,avg(Flesch),0.0327,0.0247
7,e5,nq,f1,itg(Flesch),0.0296,0.0223
7,e5,nq,f1,max(Gunning Fog),-0.0456,-0.0344
7,e5,nq,f1,min(Gunning Fog),-0.0283,-0.0214
7,e5,nq,f1,avg(Gunning Fog),-0.0463,-0.0348
7,e5,nq,f1,itg(Gunning Fog),-0.0443,-0.0333
7,e5,nq,f1,max(Coleman Liau),-0.0427,-0.0323
7,e5,nq,f1,min(Coleman Liau),0.0017,0.0012
7,e5,nq,f1,avg(Coleman Liau),-0.0254,-0.0193
7,e5,nq,f1,itg(Coleman Liau),-0.0258,-0.0196
7,e5,nq,f1,max(ARI),-0.0389,-0.0296
7,e5,nq,f1,min(ARI),0.003,0.0022
7,e5,nq,f1,avg(ARI),-0.0306,-0.023
7,e5,nq,f1,itg(ARI),-0.0252,-0.0189
7,e5,nq,f1,max(Linsear Write),-0.015,-0.0115
7,e5,nq,f1,min(Linsear Write),-0.0042,-0.0032
7,e5,nq,f1,avg(Linsear Write),-0.02,-0.015
7,e5,nq,f1,itg(Linsear Write),-0.0168,-0.0127
7,e5,nq,utility,nqc,0.1532,0.1119
7,e5,nq,utility,maxScore,0.0727,0.0526
7,e5,nq,utility,spatial,0.0216,0.0156
7,e5,nq,utility,a_ratio,0.1424,0.1037
7,e5,nq,utility,bertQPP,0.1063,0.078
7,e5,nq,utility,prob(k),0.2154,0.1575
7,e5,nq,utility,max(perpC),-0.018,-0.0128
7,e5,nq,utility,min(perpC),-0.0534,-0.039
7,e5,nq,utility,avg(perpC),-0.0387,-0.0281
7,e5,nq,utility,itg(perpC),-0.016,-0.0115
7,e5,nq,utility,max(docQual),0.0382,0.0281
7,e5,nq,utility,min(docQual),-0.0198,-0.0146
7,e5,nq,utility,avg(docQual),0.0065,0.0047
7,e5,nq,utility,itg(docQual),0.0031,0.0022
7,e5,nq,utility,max(Dale Chall),-0.016,-0.0116
7,e5,nq,utility,min(Dale Chall),-0.0355,-0.0261
7,e5,nq,utility,avg(Dale Chall),-0.0272,-0.0198
7,e5,nq,utility,itg(Dale Chall),-0.0242,-0.0177
7,e5,nq,utility,max(Spache),-0.0094,-0.0069
7,e5,nq,utility,min(Spache),-0.0282,-0.0207
7,e5,nq,utility,avg(Spache),-0.0323,-0.0237
7,e5,nq,utility,itg(Spache),-0.0362,-0.0266
7,e5,nq,utility,max(Flesch-Kincaid),-0.0625,-0.0458
7,e5,nq,utility,min(Flesch-Kincaid),-0.0598,-0.0436
7,e5,nq,utility,avg(Flesch-Kincaid),-0.0788,-0.0574
7,e5,nq,utility,itg(Flesch-Kincaid),-0.0773,-0.0563
7,e5,nq,utility,max(Flesch),0.0596,0.0438
7,e5,nq,utility,min(Flesch),0.0781,0.0572
7,e5,nq,utility,avg(Flesch),0.0768,0.0561
7,e5,nq,utility,itg(Flesch),0.0757,0.0552
7,e5,nq,utility,max(Gunning Fog),-0.0499,-0.0365
7,e5,nq,utility,min(Gunning Fog),-0.0578,-0.0422
7,e5,nq,utility,avg(Gunning Fog),-0.068,-0.0495
7,e5,nq,utility,itg(Gunning Fog),-0.0704,-0.0512
7,e5,nq,utility,max(Coleman Liau),-0.0746,-0.0545
7,e5,nq,utility,min(Coleman Liau),-0.0405,-0.0297
7,e5,nq,utility,avg(Coleman Liau),-0.0616,-0.0452
7,e5,nq,utility,itg(Coleman Liau),-0.0612,-0.0448
7,e5,nq,utility,max(ARI),-0.064,-0.0468
7,e5,nq,utility,min(ARI),-0.0456,-0.0333
7,e5,nq,utility,avg(ARI),-0.0742,-0.0541
7,e5,nq,utility,itg(ARI),-0.072,-0.0525
7,e5,nq,utility,max(Linsear Write),-0.0421,-0.0308
7,e5,nq,utility,min(Linsear Write),-0.0465,-0.0339
7,e5,nq,utility,avg(Linsear Write),-0.0671,-0.049
7,e5,nq,utility,itg(Linsear Write),-0.067,-0.0488
7,e5,dl,f1,nqc,0.1046,0.0795
7,e5,dl,f1,maxScore,0.4276,0.2947
7,e5,dl,f1,spatial,0.1878,0.1366
7,e5,dl,f1,a_ratio,-0.024,-0.006
7,e5,dl,f1,bertQPP,0.1045,0.0666
7,e5,dl,f1,prob(k),0.594,0.4369
7,e5,dl,f1,max(perpC),0.1516,0.1021
7,e5,dl,f1,min(perpC),0.1436,0.1139
7,e5,dl,f1,avg(perpC),0.1954,0.1308
7,e5,dl,f1,itg(perpC),0.2584,0.1805
7,e5,dl,f1,max(docQual),0.0308,0.0241
7,e5,dl,f1,min(docQual),0.0549,0.0363
7,e5,dl,f1,avg(docQual),0.0571,0.0451
7,e5,dl,f1,itg(docQual),0.0655,0.0454
7,e5,dl,utility,nqc,0.2031,0.1435
7,e5,dl,utility,maxScore,0.3516,0.2401
7,e5,dl,utility,spatial,0.0386,0.0236
7,e5,dl,utility,a_ratio,0.0849,0.0563
7,e5,dl,utility,bertQPP,0.1559,0.1117
7,e5,dl,utility,prob(k),0.4721,0.3299
7,e5,dl,utility,max(perpC),0.0017,0.0032
7,e5,dl,utility,min(perpC),0.0079,0.015
7,e5,dl,utility,avg(perpC),-0.0074,-0.0028
7,e5,dl,utility,itg(perpC),0.1187,0.086
7,e5,dl,utility,max(docQual),-0.0859,-0.0541
7,e5,dl,utility,min(docQual),-0.0606,-0.038
7,e5,dl,utility,avg(docQual),-0.0429,-0.0266
7,e5,dl,utility,itg(docQual),-0.0246,-0.0082
10,bm25,nq,f1,nqc,0.1544,0.1181
10,bm25,nq,f1,maxScore,0.157,0.1206
10,bm25,nq,f1,spatial,0.1481,0.1133
10,bm25,nq,f1,a_ratio,0.1293,0.0991
10,bm25,nq,f1,bertQPP,0.1929,0.1485
10,bm25,nq,f1,prob(k),0.3908,0.2992
10,bm25,nq,f1,max(perpC),0.0979,0.0752
10,bm25,nq,f1,min(perpC),0.049,0.0377
10,bm25,nq,f1,avg(perpC),0.0743,0.0573
10,bm25,nq,f1,itg(perpC),0.0791,0.0609
10,bm25,nq,f1,max(docQual),0.0529,0.0412
10,bm25,nq,f1,min(docQual),0.0642,0.0499
10,bm25,nq,f1,avg(docQual),0.063,0.0485
10,bm25,nq,f1,itg(docQual),0.0233,0.0181
10,bm25,nq,f1,max(Dale Chall),0.0681,0.0523
10,bm25,nq,f1,min(Dale Chall),0.0973,0.0747
10,bm25,nq,f1,avg(Dale Chall),0.108,0.0825
10,bm25,nq,f1,itg(Dale Chall),0.1073,0.082
10,bm25,nq,f1,max(Spache),0.0387,0.0298
10,bm25,nq,f1,min(Spache),0.074,0.0569
10,bm25,nq,f1,avg(Spache),0.0881,0.0676
10,bm25,nq,f1,itg(Spache),0.0839,0.0646
10,bm25,nq,f1,max(Flesch-Kincaid),0.0059,0.0044
10,bm25,nq,f1,min(Flesch-Kincaid),0.0364,0.0279
10,bm25,nq,f1,avg(Flesch-Kincaid),0.0412,0.0314
10,bm25,nq,f1,itg(Flesch-Kincaid),0.0433,0.0331
10,bm25,nq,f1,max(Flesch),-0.0376,-0.0286
10,bm25,nq,f1,min(Flesch),-0.0075,-0.0056
10,bm25,nq,f1,avg(Flesch),-0.031,-0.0237
10,bm25,nq,f1,itg(Flesch),-0.0325,-0.0247
10,bm25,nq,f1,max(Gunning Fog),-0.0031,-0.0025
10,bm25,nq,f1,min(Gunning Fog),0.0237,0.0181
10,bm25,nq,f1,avg(Gunning Fog),0.018,0.0134
10,bm25,nq,f1,itg(Gunning Fog),0.0226,0.0171
10,bm25,nq,f1,max(Coleman Liau),-0.0127,-0.0096
10,bm25,nq,f1,min(Coleman Liau),-0.0008,-0.0005
10,bm25,nq,f1,avg(Coleman Liau),-0.01,-0.0075
10,bm25,nq,f1,itg(Coleman Liau),-0.0133,-0.0101
10,bm25,nq,f1,max(ARI),-0.0043,-0.0034
10,bm25,nq,f1,min(ARI),0.008,0.0061
10,bm25,nq,f1,avg(ARI),0.0134,0.0101
10,bm25,nq,f1,itg(ARI),0.0166,0.0126
10,bm25,nq,f1,max(Linsear Write),0.0054,0.0041
10,bm25,nq,f1,min(Linsear Write),0.0335,0.0258
10,bm25,nq,f1,avg(Linsear Write),0.0409,0.0312
10,bm25,nq,f1,itg(Linsear Write),0.0457,0.035
10,bm25,nq,utility,nqc,0.159,0.1175
10,bm25,nq,utility,maxScore,0.1337,0.0986
10,bm25,nq,utility,spatial,0.0947,0.0694
10,bm25,nq,utility,a_ratio,0.1418,0.1046
10,bm25,nq,utility,bertQPP,0.169,0.1255
10,bm25,nq,utility,prob(k),0.2491,0.1839
10,bm25,nq,utility,max(perpC),0.036,0.0265
10,bm25,nq,utility,min(perpC),0.0002,0.0
10,bm25,nq,utility,avg(perpC),0.0135,0.0099
10,bm25,nq,utility,itg(perpC),0.0242,0.0177
10,bm25,nq,utility,max(docQual),0.0185,0.0138
10,bm25,nq,utility,min(docQual),0.0423,0.0317
10,bm25,nq,utility,avg(docQual),0.021,0.0155
10,bm25,nq,utility,itg(docQual),0.0121,0.0089
10,bm25,nq,utility,max(Dale Chall),0.0322,0.0238
10,bm25,nq,utility,min(Dale Chall),0.0204,0.015
10,bm25,nq,utility,avg(Dale Chall),0.0379,0.0278
10,bm25,nq,utility,itg(Dale Chall),0.0401,0.0294
10,bm25,nq,utility,max(Spache),0.0191,0.0141
10,bm25,nq,utility,min(Spache),0.0024,0.0017
10,bm25,nq,utility,avg(Spache),0.0231,0.017
10,bm25,nq,utility,itg(Spache),0.0195,0.0144
10,bm25,nq,utility,max(Flesch-Kincaid),-0.0297,-0.0221
10,bm25,nq,utility,min(Flesch-Kincaid),-0.0341,-0.0253
10,bm25,nq,utility,avg(Flesch-Kincaid),-0.0272,-0.0201
10,bm25,nq,utility,itg(Flesch-Kincaid),-0.0284,-0.0211
10,bm25,nq,utility,max(Flesch),0.0327,0.0245
10,bm25,nq,utility,min(Flesch),0.0394,0.0292
10,bm25,nq,utility,avg(Flesch),0.0335,0.0248
10,bm25,nq,utility,itg(Flesch),0.0352,0.0261
10,bm25,nq,utility,max(Gunning Fog),-0.023,-0.0169
10,bm25,nq,utility,min(Gunning Fog),-0.0303,-0.0224
10,bm25,nq,utility,avg(Gunning Fog),-0.0273,-0.0202
10,bm25,nq,utility,itg(Gunning Fog),-0.0277,-0.0205
10,bm25,nq,utility,max(Coleman Liau),-0.0489,-0.0361
10,bm25,nq,utility,min(Coleman Liau),-0.0358,-0.0265
10,bm25,nq,utility,avg(Coleman Liau),-0.0519,-0.0384
10,bm25,nq,utility,itg(Coleman Liau),-0.0547,-0.0405
10,bm25,nq,utility,max(ARI),-0.0353,-0.026
10,bm25,nq,utility,min(ARI),-0.0356,-0.0264
10,bm25,nq,utility,avg(ARI),-0.0428,-0.0317
10,bm25,nq,utility,itg(ARI),-0.045,-0.0333
10,bm25,nq,utility,max(Linsear Write),-0.0237,-0.0177
10,bm25,nq,utility,min(Linsear Write),-0.0295,-0.0215
10,bm25,nq,utility,avg(Linsear Write),-0.0228,-0.0167
10,bm25,nq,utility,itg(Linsear Write),-0.0213,-0.0156
10,bm25,dl,f1,nqc,-0.0457,-0.0373
10,bm25,dl,f1,maxScore,0.1193,0.0772
10,bm25,dl,f1,spatial,0.3384,0.2268
10,bm25,dl,f1,a_ratio,-0.0052,-0.0057
10,bm25,dl,f1,bertQPP,-0.0207,-0.0171
10,bm25,dl,f1,prob(k),0.652,0.4776
10,bm25,dl,f1,max(perpC),0.0677,0.0437
10,bm25,dl,f1,min(perpC),0.2424,0.1626
10,bm25,dl,f1,avg(perpC),0.1931,0.1215
10,bm25,dl,f1,itg(perpC),0.3,0.2053
10,bm25,dl,f1,max(docQual),0.1026,0.0655
10,bm25,dl,f1,min(docQual),0.1068,0.0756
10,bm25,dl,f1,avg(docQual),0.1812,0.1158
10,bm25,dl,f1,itg(docQual),0.0576,0.0367
10,bm25,dl,utility,nqc,-0.0034,-0.0031
10,bm25,dl,utility,maxScore,0.1036,0.0684
10,bm25,dl,utility,spatial,0.2499,0.1654
10,bm25,dl,utility,a_ratio,0.055,0.0338
10,bm25,dl,utility,bertQPP,0.1175,0.0829
10,bm25,dl,utility,prob(k),0.5027,0.3539
10,bm25,dl,utility,max(perpC),-0.0798,-0.0494
10,bm25,dl,utility,min(perpC),0.1019,0.0665
10,bm25,dl,utility,avg(perpC),-0.0193,-0.0136
10,bm25,dl,utility,itg(perpC),0.1489,0.1092
10,bm25,dl,utility,max(docQual),0.0894,0.0659
10,bm25,dl,utility,min(docQual),0.1094,0.0791
10,bm25,dl,utility,avg(docQual),0.1897,0.1228
10,bm25,dl,utility,itg(docQual),-0.0043,-0.0106
10,mt5,nq,f1,nqc,-0.0574,-0.044
10,mt5,nq,f1,maxScore,0.2114,0.1621
10,mt5,nq,f1,spatial,0.1642,0.1247
10,mt5,nq,f1,a_ratio,-0.063,-0.0482
10,mt5,nq,f1,bertQPP,0.1403,0.1068
10,mt5,nq,f1,prob(k),0.3913,0.2979
10,mt5,nq,f1,max(perpC),0.097,0.0741
10,mt5,nq,f1,min(perpC),0.0643,0.0493
10,mt5,nq,f1,avg(perpC),0.0922,0.0704
10,mt5,nq,f1,itg(perpC),0.1061,0.0808
10,mt5,nq,f1,max(docQual),0.0662,0.0513
10,mt5,nq,f1,min(docQual),0.0437,0.0336
10,mt5,nq,f1,avg(docQual),0.0806,0.0613
10,mt5,nq,f1,itg(docQual),0.0331,0.0254
10,mt5,nq,f1,max(Dale Chall),0.0655,0.0501
10,mt5,nq,f1,min(Dale Chall),0.1165,0.0888
10,mt5,nq,f1,avg(Dale Chall),0.1084,0.0826
10,mt5,nq,f1,itg(Dale Chall),0.1086,0.0829
10,mt5,nq,f1,max(Spache),0.0431,0.033
10,mt5,nq,f1,min(Spache),0.1074,0.0822
10,mt5,nq,f1,avg(Spache),0.0952,0.0726
10,mt5,nq,f1,itg(Spache),0.0909,0.0694
10,mt5,nq,f1,max(Flesch-Kincaid),0.0069,0.0052
10,mt5,nq,f1,min(Flesch-Kincaid),0.0256,0.0194
10,mt5,nq,f1,avg(Flesch-Kincaid),0.0239,0.018
10,mt5,nq,f1,itg(Flesch-Kincaid),0.028,0.0213
10,mt5,nq,f1,max(Flesch),-0.0212,-0.0159
10,mt5,nq,f1,min(Flesch),0.0048,0.0039
10,mt5,nq,f1,avg(Flesch),-0.0151,-0.0112
10,mt5,nq,f1,itg(Flesch),-0.0179,-0.0133
10,mt5,nq,f1,max(Gunning Fog),-0.0089,-0.0069
10,mt5,nq,f1,min(Gunning Fog),-0.0003,-0.0005
10,mt5,nq,f1,avg(Gunning Fog),0.0049,0.0034
10,mt5,nq,f1,itg(Gunning Fog),0.0086,0.0063
10,mt5,nq,f1,max(Coleman Liau),-0.0083,-0.0063
10,mt5,nq,f1,min(Coleman Liau),-0.0026,-0.002
10,mt5,nq,f1,avg(Coleman Liau),-0.0111,-0.0086
10,mt5,nq,f1,itg(Coleman Liau),-0.0129,-0.01
10,mt5,nq,f1,max(ARI),0.0001,0.0
10,mt5,nq,f1,min(ARI),0.0199,0.0151
10,mt5,nq,f1,avg(ARI),0.0102,0.0078
10,mt5,nq,f1,itg(ARI),0.0168,0.0129
10,mt5,nq,f1,max(Linsear Write),0.0207,0.0158
10,mt5,nq,f1,min(Linsear Write),0.0248,0.0191
10,mt5,nq,f1,avg(Linsear Write),0.0386,0.0295
10,mt5,nq,f1,itg(Linsear Write),0.0388,0.0297
10,mt5,nq,utility,nqc,0.0038,0.0027
10,mt5,nq,utility,maxScore,0.1528,0.1125
10,mt5,nq,utility,spatial,0.0819,0.0596
10,mt5,nq,utility,a_ratio,-0.002,-0.0015
10,mt5,nq,utility,bertQPP,0.1235,0.091
10,mt5,nq,utility,prob(k),0.2441,0.1799
10,mt5,nq,utility,max(perpC),0.0216,0.0159
10,mt5,nq,utility,min(perpC),0.0014,0.0008
10,mt5,nq,utility,avg(perpC),0.0105,0.0076
10,mt5,nq,utility,itg(perpC),0.0337,0.0245
10,mt5,nq,utility,max(docQual),0.0713,0.0532
10,mt5,nq,utility,min(docQual),0.0258,0.0192
10,mt5,nq,utility,avg(docQual),0.0579,0.0422
10,mt5,nq,utility,itg(docQual),0.0401,0.0296
10,mt5,nq,utility,max(Dale Chall),0.0136,0.0101
10,mt5,nq,utility,min(Dale Chall),0.0167,0.0126
10,mt5,nq,utility,avg(Dale Chall),0.0298,0.0221
10,mt5,nq,utility,itg(Dale Chall),0.0312,0.0231
10,mt5,nq,utility,max(Spache),0.0138,0.0102
10,mt5,nq,utility,min(Spache),0.0141,0.0103
10,mt5,nq,utility,avg(Spache),0.0196,0.0144
10,mt5,nq,utility,itg(Spache),0.0149,0.0109
10,mt5,nq,utility,max(Flesch-Kincaid),-0.0447,-0.0329
10,mt5,nq,utility,min(Flesch-Kincaid),-0.0567,-0.0418
10,mt5,nq,utility,avg(Flesch-Kincaid),-0.058,-0.0425
10,mt5,nq,utility,itg(Flesch-Kincaid),-0.058,-0.0426
10,mt5,nq,utility,max(Flesch),0.0553,0.0407
10,mt5,nq,utility,min(Flesch),0.0642,0.0475
10,mt5,nq,utility,avg(Flesch),0.0591,0.0435
10,mt5,nq,utility,itg(Flesch),0.0599,0.0441
10,mt5,nq,utility,max(Gunning Fog),-0.037,-0.0273
10,mt5,nq,utility,min(Gunning Fog),-0.052,-0.0385
10,mt5,nq,utility,avg(Gunning Fog),-0.0512,-0.0373
10,mt5,nq,utility,itg(Gunning Fog),-0.0516,-0.0377
10,mt5,nq,utility,max(Coleman Liau),-0.0619,-0.0455
10,mt5,nq,utility,min(Coleman Liau),-0.0513,-0.038
10,mt5,nq,utility,avg(Coleman Liau),-0.0593,-0.0438
10,mt5,nq,utility,itg(Coleman Liau),-0.0601,-0.0444
10,mt5,nq,utility,max(ARI),-0.049,-0.0359
10,mt5,nq,utility,min(ARI),-0.0487,-0.0359
10,mt5,nq,utility,avg(ARI),-0.061,-0.0448
10,mt5,nq,utility,itg(ARI),-0.0601,-0.0442
10,mt5,nq,utility,max(Linsear Write),-0.0228,-0.0168
10,mt5,nq,utility,min(Linsear Write),-0.0398,-0.0295
10,mt5,nq,utility,avg(Linsear Write),-0.0397,-0.029
10,mt5,nq,utility,itg(Linsear Write),-0.0397,-0.0291
10,mt5,dl,f1,nqc,-0.083,-0.0693
10,mt5,dl,f1,maxScore,0.1253,0.0868
10,mt5,dl,f1,spatial,0.3474,0.2531
10,mt5,dl,f1,a_ratio,-0.1511,-0.114
10,mt5,dl,f1,bertQPP,0.1673,0.1237
10,mt5,dl,f1,prob(k),0.5365,0.382
10,mt5,dl,f1,max(perpC),0.1155,0.0757
10,mt5,dl,f1,min(perpC),0.2441,0.1674
10,mt5,dl,f1,avg(perpC),0.2256,0.1529
10,mt5,dl,f1,itg(perpC),0.2442,0.1658
10,mt5,dl,f1,max(docQual),-0.0516,-0.0368
10,mt5,dl,f1,min(docQual),0.0803,0.0561
10,mt5,dl,f1,avg(docQual),0.0337,0.0228
10,mt5,dl,f1,itg(docQual),-0.0644,-0.0449
10,mt5,dl,utility,nqc,-0.0264,-0.0197
10,mt5,dl,utility,maxScore,0.2202,0.1461
10,mt5,dl,utility,spatial,0.1697,0.1114
10,mt5,dl,utility,a_ratio,-0.0595,-0.0478
10,mt5,dl,utility,bertQPP,0.2575,0.182
10,mt5,dl,utility,prob(k),0.4716,0.3421
10,mt5,dl,utility,max(perpC),-0.018,-0.016
10,mt5,dl,utility,min(perpC),0.0305,0.0217
10,mt5,dl,utility,avg(perpC),-0.0061,0.0007
10,mt5,dl,utility,itg(perpC),0.0758,0.0487
10,mt5,dl,utility,max(docQual),-0.1151,-0.0749
10,mt5,dl,utility,min(docQual),-0.0547,-0.035
10,mt5,dl,utility,avg(docQual),-0.0896,-0.0601
10,mt5,dl,utility,itg(docQual),-0.186,-0.1232
10,e5,nq,f1,nqc,0.1689,0.1285
10,e5,nq,f1,maxScore,0.1611,0.1217
10,e5,nq,f1,spatial,0.0789,0.0595
10,e5,nq,f1,a_ratio,0.1917,0.146
10,e5,nq,f1,bertQPP,0.1398,0.1065
10,e5,nq,f1,prob(k),0.3999,0.3009
10,e5,nq,f1,max(perpC),0.0527,0.04
10,e5,nq,f1,min(perpC),0.0388,0.0295
10,e5,nq,f1,avg(perpC),0.0471,0.0357
10,e5,nq,f1,itg(perpC),0.0537,0.0407
10,e5,nq,f1,max(docQual),0.0453,0.0351
10,e5,nq,f1,min(docQual),-0.0019,-0.0015
10,e5,nq,f1,avg(docQual),0.0366,0.0277
10,e5,nq,f1,itg(docQual),0.0017,0.0013
10,e5,nq,f1,max(Dale Chall),0.0337,0.0257
10,e5,nq,f1,min(Dale Chall),0.0476,0.036
10,e5,nq,f1,avg(Dale Chall),0.0554,0.0419
10,e5,nq,f1,itg(Dale Chall),0.0556,0.042
10,e5,nq,f1,max(Spache),0.0175,0.0134
10,e5,nq,f1,min(Spache),0.033,0.0251
10,e5,nq,f1,avg(Spache),0.038,0.0289
10,e5,nq,f1,itg(Spache),0.0357,0.0272
10,e5,nq,f1,max(Flesch-Kincaid),-0.0335,-0.0257
10,e5,nq,f1,min(Flesch-Kincaid),-0.0308,-0.0235
10,e5,nq,f1,avg(Flesch-Kincaid),-0.0338,-0.0258
10,e5,nq,f1,itg(Flesch-Kincaid),-0.0317,-0.0241
10,e5,nq,f1,max(Flesch),0.0284,0.0219
10,e5,nq,f1,min(Flesch),0.0566,0.0433
10,e5,nq,f1,avg(Flesch),0.0405,0.031
10,e5,nq,f1,itg(Flesch),0.0412,0.0315
10,e5,nq,f1,max(Gunning Fog),-0.0465,-0.0357
10,e5,nq,f1,min(Gunning Fog),-0.0469,-0.0357
10,e5,nq,f1,avg(Gunning Fog),-0.0573,-0.044
10,e5,nq,f1,itg(Gunning Fog),-0.0555,-0.0426
10,e5,nq,f1,max(Coleman Liau),-0.06,-0.0457
10,e5,nq,f1,min(Coleman Liau),-0.0263,-0.0203
10,e5,nq,f1,avg(Coleman Liau),-0.0455,-0.0347
10,e5,nq,f1,itg(Coleman Liau),-0.0473,-0.0361
10,e5,nq,f1,max(ARI),-0.0371,-0.0282
10,e5,nq,f1,min(ARI),-0.02,-0.0154
10,e5,nq,f1,avg(ARI),-0.0386,-0.0294
10,e5,nq,f1,itg(ARI),-0.0346,-0.0263
10,e5,nq,f1,max(Linsear Write),-0.0146,-0.0114
10,e5,nq,f1,min(Linsear Write),-0.0261,-0.02
10,e5,nq,f1,avg(Linsear Write),-0.0171,-0.0131
10,e5,nq,f1,itg(Linsear Write),-0.0128,-0.0098
10,e5,nq,utility,nqc,0.1484,0.1081
10,e5,nq,utility,maxScore,0.0643,0.0464
10,e5,nq,utility,spatial,-0.0191,-0.0143
10,e5,nq,utility,a_ratio,0.1381,0.1006
10,e5,nq,utility,bertQPP,0.1149,0.0848
10,e5,nq,utility,prob(k),0.2734,0.1995
10,e5,nq,utility,max(perpC),-0.0301,-0.0218
10,e5,nq,utility,min(perpC),-0.0331,-0.0243
10,e5,nq,utility,avg(perpC),-0.0448,-0.0324
10,e5,nq,utility,itg(perpC),-0.0294,-0.0214
10,e5,nq,utility,max(docQual),0.0383,0.0284
10,e5,nq,utility,min(docQual),-0.0217,-0.016
10,e5,nq,utility,avg(docQual),0.0161,0.0117
10,e5,nq,utility,itg(docQual),0.0111,0.0081
10,e5,nq,utility,max(Dale Chall),0.0099,0.0074
10,e5,nq,utility,min(Dale Chall),-0.0237,-0.0174
10,e5,nq,utility,avg(Dale Chall),0.0024,0.0018
10,e5,nq,utility,itg(Dale Chall),0.0019,0.0014
10,e5,nq,utility,max(Spache),-0.0021,-0.0017
10,e5,nq,utility,min(Spache),-0.0276,-0.0201
10,e5,nq,utility,avg(Spache),-0.016,-0.0118
10,e5,nq,utility,itg(Spache),-0.0232,-0.017
10,e5,nq,utility,max(Flesch-Kincaid),-0.0634,-0.0468
10,e5,nq,utility,min(Flesch-Kincaid),-0.0803,-0.0585
10,e5,nq,utility,avg(Flesch-Kincaid),-0.0874,-0.0639
10,e5,nq,utility,itg(Flesch-Kincaid),-0.091,-0.0667
10,e5,nq,utility,max(Flesch),0.0793,0.058
10,e5,nq,utility,min(Flesch),0.0867,0.0639
10,e5,nq,utility,avg(Flesch),0.0892,0.0655
10,e5,nq,utility,itg(Flesch),0.0931,0.0684
10,e5,nq,utility,max(Gunning Fog),-0.0566,-0.0417
10,e5,nq,utility,min(Gunning Fog),-0.0817,-0.0598
10,e5,nq,utility,avg(Gunning Fog),-0.0866,-0.0635
10,e5,nq,utility,itg(Gunning Fog),-0.09,-0.066
10,e5,nq,utility,max(Coleman Liau),-0.0901,-0.0661
10,e5,nq,utility,min(Coleman Liau),-0.0711,-0.0524
10,e5,nq,utility,avg(Coleman Liau),-0.0826,-0.0607
10,e5,nq,utility,itg(Coleman Liau),-0.0841,-0.0619
10,e5,nq,utility,max(ARI),-0.0625,-0.0457
10,e5,nq,utility,min(ARI),-0.0725,-0.0528
10,e5,nq,utility,avg(ARI),-0.0856,-0.0626
10,e5,nq,utility,itg(ARI),-0.088,-0.0645
10,e5,nq,utility,max(Linsear Write),-0.0444,-0.0327
10,e5,nq,utility,min(Linsear Write),-0.0733,-0.054
10,e5,nq,utility,avg(Linsear Write),-0.0724,-0.0531
10,e5,nq,utility,itg(Linsear Write),-0.0735,-0.0541
10,e5,dl,f1,nqc,-0.0039,-0.0069
10,e5,dl,f1,maxScore,0.457,0.3174
10,e5,dl,f1,spatial,0.2422,0.1731
10,e5,dl,f1,a_ratio,-0.1145,-0.07
10,e5,dl,f1,bertQPP,0.0923,0.0601
10,e5,dl,f1,prob(k),0.6186,0.4519
10,e5,dl,f1,max(perpC),0.1439,0.099
10,e5,dl,f1,min(perpC),0.2079,0.1433
10,e5,dl,f1,avg(perpC),0.1905,0.1259
10,e5,dl,f1,itg(perpC),0.2894,0.1871
10,e5,dl,f1,max(docQual),0.0237,0.0137
10,e5,dl,f1,min(docQual),0.0211,0.0142
10,e5,dl,f1,avg(docQual),-0.0147,-0.0082
10,e5,dl,f1,itg(docQual),0.0276,0.019
10,e5,dl,utility,nqc,0.068,0.0417
10,e5,dl,utility,maxScore,0.3748,0.2543
10,e5,dl,utility,spatial,0.1197,0.0825
10,e5,dl,utility,a_ratio,-0.0417,-0.0301
10,e5,dl,utility,bertQPP,0.1369,0.0932
10,e5,dl,utility,prob(k),0.4956,0.3449
10,e5,dl,utility,max(perpC),-0.0229,-0.0131
10,e5,dl,utility,min(perpC),0.1079,0.0728
10,e5,dl,utility,avg(perpC),0.0068,0.006
10,e5,dl,utility,itg(perpC),0.2096,0.142
10,e5,dl,utility,max(docQual),-0.0897,-0.0593
10,e5,dl,utility,min(docQual),-0.1382,-0.0975
10,e5,dl,utility,avg(docQual),-0.1444,-0.0902
10,e5,dl,utility,itg(docQual),-0.0903,-0.0563
