retriever,k,qpp_method,window_size,alpha,r,p1(r),tau,p1(tau),num_of_queries
mt5,5,spatial,2,0.0,0.1299014002434332,0.20473510498919797,0.10352233676975947,0.1330387570764664,97
mt5,5,a_ratio,2,0.0,0.19435010458020563,0.05645021948238176,0.04982817869415808,0.4696411010880063,97
mt5,5,nqc,2,0.0,0.10605286136597529,0.301193162340126,0.013745704467353953,0.841898479106889,97
mt5,5,spatial,2,0.1,0.15048993920430725,0.14120104475034476,0.1254295532646048,0.06874005870255491,97
mt5,5,a_ratio,2,0.1,0.19527309736900525,0.05526576364859842,0.02405498281786942,0.7270405431127746,97
mt5,5,nqc,2,0.1,0.103966160784515,0.3108580215905068,0.014175257731958766,0.8370260449777805,97
mt5,5,spatial,2,0.2,0.16868582169443455,0.09859895045800908,0.13487972508591067,0.050317249987351625,97
mt5,5,a_ratio,2,0.2,0.19551766046345317,0.05495536085294962,0.02061855670103093,0.7647885664914993,97
mt5,5,nqc,2,0.2,0.10306332822560495,0.3151013461336898,0.00859106529209622,0.9007879306638119,97
mt5,5,spatial,2,0.30000000000000004,0.18456142585101715,0.07033680424022443,0.14475945017182132,0.035674068768179766,97
mt5,5,a_ratio,2,0.30000000000000004,0.19563063913843426,0.05481245059735971,0.018900343642611686,0.783880730258208,97
mt5,5,nqc,2,0.30000000000000004,0.10256239879249814,0.3174718004987295,0.008161512027491411,0.9057247746831294,97
mt5,5,spatial,2,0.4,0.19828427423672054,0.051542538064280906,0.1512027491408935,0.028226597294347726,97
mt5,5,a_ratio,2,0.4,0.19569570284856697,0.05473028796035565,0.01718213058419244,0.8031038928688624,97
mt5,5,nqc,2,0.4,0.10224428963953403,0.31898308573657846,0.006443298969072166,0.9255067132095164,97
mt5,5,spatial,2,0.5,0.21007268583932448,0.03889838782647623,0.14905498281786944,0.030544557732034724,97
mt5,5,a_ratio,2,0.5,0.19573799723285226,0.05467693272030464,0.015034364261168387,0.8273000875464372,97
mt5,5,nqc,2,0.5,0.10202446783432122,0.32003012694078375,0.007302405498281788,0.9156092108578661,97
mt5,5,spatial,2,0.6000000000000001,0.22016220466563727,0.03024255662071365,0.1585051546391753,0.021443192891173694,97
mt5,5,a_ratio,2,0.6000000000000001,0.19576769377086214,0.05463949544035811,0.017611683848797254,0.7982864258103413,97
mt5,5,nqc,2,0.6000000000000001,0.10186351153935952,0.32079818469272026,0.0047250859106529215,0.9453348196600103,97
mt5,5,spatial,2,0.7000000000000001,0.22878345096779823,0.02419430322476381,0.1658075601374571,0.016125841537736958,97
mt5,5,a_ratio,2,0.7000000000000001,0.19578969112150493,0.05461177779539493,0.015463917525773198,0.8224469251562028,97
mt5,5,nqc,2,0.7000000000000001,0.10174058150074272,0.32138558489484564,0.0034364261168384883,0.9602288348688062,97
mt5,5,spatial,2,0.8,0.2361494505932,0.01987547621621427,0.1597938144329897,0.02040649882574069,97
mt5,5,a_ratio,2,0.8,0.19580663970441461,0.05459042969604359,0.018470790378006877,0.7886746705788532,97
mt5,5,nqc,2,0.8,0.10164363191871717,0.3218493291462195,0.0025773195876288664,0.9701662186124013,97
mt5,5,spatial,2,0.9,0.24244975818185474,0.016724288497976948,0.1554982817869416,0.02404211148041231,97
mt5,5,a_ratio,2,0.9,0.19582009868221995,0.054573481914118656,0.016752577319587632,0.8079288528511878,97
mt5,5,nqc,2,0.9,0.1015652168276856,0.3222247306330214,0.0025773195876288664,0.9701662186124013,97
mt5,5,spatial,2,1.0,0.2478489345717096,0.014376963116689742,0.16022336769759454,0.02007078628569656,97
mt5,5,a_ratio,2,1.0,0.1958310451566398,0.054559701105663085,0.017611683848797254,0.7982864258103413,97
mt5,5,nqc,2,1.0,0.10150048655972574,0.32253482966830904,0.0025773195876288664,0.9701662186124013,97
mt5,5,spatial,3,0.0,0.15364430623823055,0.13295745259578431,0.11554982817869418,0.09358972367387966,97
mt5,5,a_ratio,3,0.0,0.19525066054553644,0.05529431264124561,0.04982817869415808,0.4696411010880063,97
mt5,5,nqc,3,0.0,0.11861089455549625,0.24722008852172103,0.032646048109965645,0.6356917335694203,97
mt5,5,spatial,3,0.1,0.17411175424613998,0.08807779397805802,0.1245704467353952,0.07065977324075139,97
mt5,5,a_ratio,3,0.1,0.19565060578823784,0.05478722589764216,0.02362542955326461,0.7317251099207628,97
mt5,5,nqc,3,0.1,0.11098313716271185,0.27914834638969926,0.014175257731958766,0.8370260449777805,97
mt5,5,spatial,3,0.2,0.19191117835914867,0.05968039237877677,0.13230240549828182,0.05487593045339063,97
mt5,5,a_ratio,3,0.2,0.19575636968981106,0.05465376879000584,0.02061855670103093,0.7647885664914993,97
mt5,5,nqc,3,0.2,0.1079234768809974,0.2926983696556185,0.01202749140893471,0.8614470077832815,97
mt5,5,spatial,3,0.30000000000000004,0.20717609531777983,0.04173587680037259,0.14175257731958765,0.039687194240219145,97
mt5,5,a_ratio,3,0.30000000000000004,0.1958051653792931,0.05459228645471323,0.016323024054982822,0.8127611296549226,97
mt5,5,nqc,3,0.30000000000000004,0.10627840099444308,0.30016046715260786,0.009450171821305843,0.8909259356400668,97
mt5,5,spatial,3,0.4,0.22013711339827913,0.0302618725131339,0.15249140893470792,0.026909885175764755,97
mt5,5,a_ratio,3,0.4,0.1958332444536594,0.05455693269665199,0.013745704467353953,0.841898479106889,97
mt5,5,nqc,3,0.4,0.10525176991023436,0.30487998361717944,0.007731958762886599,0.9106652645488371,97
mt5,5,spatial,3,0.5,0.23106915993107405,0.022775745855909534,0.1628006872852234,0.018155972846842318,97
mt5,5,a_ratio,3,0.5,0.19585148761457763,0.05453397319869845,0.011168384879725088,0.8712539798728897,97
mt5,5,nqc,3,0.5,0.10455019015004799,0.3081329348037199,0.005584192439862544,0.9354157588836661,97
mt5,5,spatial,3,0.6000000000000001,0.2402539533342231,0.01776969203177091,0.16451890034364264,0.016970096384742294,97
mt5,5,a_ratio,3,0.6000000000000001,0.1958642920998582,0.054517863154677215,0.015034364261168387,0.8273000875464372,97
mt5,5,nqc,3,0.6000000000000001,0.10404044078366594,0.3105105644506412,0.0030068728522336776,0.9651968510542414,97
mt5,5,spatial,3,0.7000000000000001,0.24795712276206341,0.01433301082564772,0.1709621993127148,0.013106785247853048,97
mt5,5,a_ratio,3,0.7000000000000001,0.19587377424024213,0.054505935657755675,0.01589347079037801,0.817600546341627,97
mt5,5,nqc,3,0.7000000000000001,0.10365332945400946,0.3123241120091512,0.002147766323024055,0.9751367447826097,97
mt5,5,spatial,3,0.8,0.2544166223334784,0.011911486713551273,0.16967353951890035,0.013810511589466142,97
mt5,5,a_ratio,3,0.8,0.19588107849916556,0.0544967491585351,0.015034364261168387,0.8273000875464372,97
mt5,5,nqc,3,0.8,0.10334936107273152,0.31375295361850697,0.0025773195876288664,0.9701662186124013,97
mt5,5,spatial,3,0.9,0.25983868353056483,0.010162595681173569,0.16967353951890035,0.013810511589466142,97
mt5,5,a_ratio,3,0.9,0.19588687786458345,0.05448945625524926,0.014175257731958766,0.8370260449777805,97
mt5,5,nqc,3,0.9,0.10310435227797975,0.3149077240800889,0.0025773195876288664,0.9701662186124013,97
mt5,5,spatial,3,1.0,0.26439821838771194,0.00887039851516365,0.1701030927835052,0.013572314777054699,97
mt5,5,a_ratio,3,1.0,0.19589159395328049,0.054483526200725545,0.015034364261168387,0.8273000875464372,97
mt5,5,nqc,3,1.0,0.10290266806739094,0.31586035807081836,0.0038659793814432995,0.9552623626593565,97
mt5,5,spatial,4,0.0,0.19899972811731007,0.05068896587292897,0.12929553264604812,0.060624507125192455,97
mt5,5,a_ratio,4,0.0,0.19425289451384334,0.05657616829252142,0.057130584192439875,0.4070878413580533,97
mt5,5,nqc,4,0.0,0.1197177894756299,0.2428049633999674,0.02448453608247423,0.7223661580007107,97
mt5,5,spatial,4,0.1,0.2173712753155083,0.03245599968961118,0.14518900343642613,0.03513003275683934,97
mt5,5,a_ratio,4,0.1,0.19506357676205552,0.05553283242803054,0.027491408934707907,0.6899437658549277,97
mt5,5,nqc,4,0.1,0.11108098961387805,0.2787220410424865,0.020189003436426118,0.7695487264404447,97
mt5,5,spatial,4,0.2,0.23281865802360915,0.021738587045314443,0.15764604810996566,0.022159535570441733,97
mt5,5,a_ratio,4,0.2,0.19534778579665865,0.055170815930083064,0.025773195876288665,0.708405677956768,97
mt5,5,nqc,4,0.2,0.1078470395639398,0.29304235122113886,0.014175257731958766,0.8370260449777805,97
mt5,5,spatial,4,0.30000000000000004,0.24563049913462565,0.01530436757722656,0.16151202749140894,0.01909240321886764,97
mt5,5,a_ratio,4,0.30000000000000004,0.1954925390953176,0.054987179167410354,0.021907216494845363,0.7505619727933218,97
mt5,5,nqc,4,0.30000000000000004,0.10616110353102493,0.3006972555680674,0.010309278350515465,0.8810807858527536,97
mt5,5,spatial,4,0.4,0.25615312443233007,0.01132477708414093,0.16537800687285226,0.016403064445582434,97
mt5,5,a_ratio,4,0.4,0.19558023865509833,0.05487616601957904,0.020189003436426118,0.7695487264404447,97
mt5,5,nqc,4,0.4,0.1051272643489901,0.30545562418902006,0.01202749140893471,0.8614470077832815,97
mt5,5,spatial,4,0.5,0.2647387550302518,0.008779959143702889,0.17439862542955328,0.011382836808156348,97
mt5,5,a_ratio,4,0.5,0.19563905775481366,0.054801813847094615,0.016752577319587632,0.8079288528511878,97
mt5,5,nqc,4,0.5,0.1044287183396026,0.3086984384925755,0.00859106529209622,0.9007879306638119,97
mt5,5,spatial,4,0.6000000000000001,0.2717147700022982,0.007097419945602396,0.17353951890034366,0.011793812186781842,97
mt5,5,a_ratio,4,0.6000000000000001,0.19568124394104294,0.05474853796899979,0.016752577319587632,0.8079288528511878,97
mt5,5,nqc,4,0.6000000000000001,0.10392518235450562,0.3110498130758369,0.006013745704467355,0.930459888527551,97
mt5,5,spatial,4,0.7000000000000001,0.277369153835166,0.005949644625251887,0.17268041237113405,0.01221789425088413,97
mt5,5,a_ratio,4,0.7000000000000001,0.19571297783364439,0.054708490049698015,0.01718213058419244,0.8031038928688624,97
mt5,5,nqc,4,0.7000000000000001,0.10354502549588945,0.31283272378049354,0.005584192439862544,0.9354157588836661,97
mt5,5,spatial,4,0.8,0.28194645256100304,0.005144366186402003,0.17439862542955328,0.011382836808156348,97
mt5,5,a_ratio,4,0.8,0.1957377155495222,0.05467728792838188,0.018470790378006877,0.7886746705788532,97
mt5,5,nqc,4,0.8,0.10324786236021172,0.31423100219778727,0.0038659793814432995,0.9552623626593565,97
mt5,5,spatial,4,0.9,0.2856496282682407,0.004565396005941274,0.17912371134020622,0.009341755733078497,97
mt5,5,a_ratio,4,0.9,0.19575754084679492,0.054652292472449376,0.018041237113402064,0.7934766269227447,97
mt5,5,nqc,4,0.9,0.10300919541348667,0.3153569556541241,0.0038659793814432995,0.9552623626593565,97
mt5,5,spatial,4,1.0,0.2886446809334006,0.004140397251681875,0.18041237113402064,0.008845012615594157,97
mt5,5,a_ratio,4,1.0,0.19577378475099694,0.05463181937745505,0.016752577319587632,0.8079288528511878,97
mt5,5,nqc,4,1.0,0.10281330307626146,0.31628305886222136,0.0034364261168384883,0.9602288348688062,97
mt5,5,spatial,5,0.0,0.2615651329316473,0.009655101605315703,0.1670962199312715,0.015318729327102553,97
mt5,5,a_ratio,5,0.0,0.19276863154390644,0.05852798135739542,0.08805841924398626,0.2013104039967497,97
mt5,5,nqc,5,0.0,0.1431343046829095,0.16191871089416562,0.04424398625429554,0.52085358029868,97
mt5,5,spatial,5,0.1,0.27275793287151634,0.0068720074595716935,0.17353951890034366,0.011793812186781842,97
mt5,5,a_ratio,5,0.1,0.1939956368465102,0.05691059130278141,0.04553264604810997,0.5087854171288679,97
mt5,5,nqc,5,0.1,0.11895898809949645,0.24582570796457104,0.023195876288659798,0.7364196981955502,97
mt5,5,spatial,5,0.2,0.28202670563515425,0.005131157286330169,0.17740549828178698,0.010042744211065484,97
mt5,5,a_ratio,5,0.2,0.19453919013947216,0.05620589139928785,0.0425257731958763,0.5371707606067591,97
mt5,5,nqc,5,0.2,0.11226071461566449,0.2736167413920788,0.01975945017182131,0.7743175870264136,97
mt5,5,spatial,5,0.30000000000000004,0.28962587504501813,0.004009056189878425,0.17998281786941583,0.009007907605249525,97
mt5,5,a_ratio,5,0.30000000000000004,0.19484535338206815,0.0558121185084583,0.03780068728522337,0.5833275904873889,97
mt5,5,nqc,5,0.30000000000000004,0.10916687953888396,0.2871403096974254,0.01718213058419244,0.8031038928688624,97
mt5,5,spatial,5,0.4,0.2958032887112714,0.003264288127208229,0.1859965635738832,0.006954397086601862,97
mt5,5,a_ratio,5,0.4,0.1950416428456976,0.05556085193122577,0.03479381443298969,0.6136308097551222,97
mt5,5,nqc,5,0.4,0.1073885834875639,0.2951110873324102,0.01202749140893471,0.8614470077832815,97
mt5,5,spatial,5,0.5,0.3007868502925315,0.0027565852473342713,0.18256013745704472,0.00806936233603351,97
mt5,5,a_ratio,5,0.5,0.1951781680283861,0.055386636029948075,0.03178694158075602,0.6446089162462232,97
mt5,5,nqc,5,0.5,0.10623456592590892,0.30036099597087235,0.009450171821305843,0.8909259356400668,97
mt5,5,spatial,5,0.6000000000000001,0.3047781323643679,0.0024024394046703247,0.18556701030927839,0.00708575590459897,97
mt5,5,a_ratio,5,0.6000000000000001,0.19527860310303075,0.05525875990745256,0.028780068728522342,0.6762167162300601,97
mt5,5,nqc,5,0.6000000000000001,0.10542537700293782,0.3040785098920216,0.009450171821305843,0.8909259356400668,97
mt5,5,spatial,5,0.7000000000000001,0.3079506820880427,0.002150772902736464,0.1911512027491409,0.005540236417616152,97
mt5,5,a_ratio,5,0.7000000000000001,0.19535558177160067,0.05516091300833619,0.028780068728522342,0.6762167162300601,97
mt5,5,nqc,5,0.7000000000000001,0.10482662109820741,0.30684854490786695,0.009450171821305843,0.8909259356400668,97
mt5,5,spatial,5,0.8,0.3104511325619601,0.0019694606535173333,0.18771477663230243,0.006450561996249079,97
mt5,5,a_ratio,5,0.8,0.19541645915709355,0.05508363298848984,0.027061855670103097,0.6945424903122657,97
mt5,5,nqc,5,0.8,0.10436568689834252,0.30899214300688715,0.009020618556701032,0.8958549214709819,97
mt5,5,spatial,5,0.9,0.31240176458201585,0.0018377319649468906,0.18513745704467358,0.007219338175415614,97
mt5,5,a_ratio,5,0.9,0.19546580717830872,0.055021053974644796,0.027061855670103097,0.6945424903122657,97
mt5,5,nqc,5,0.9,0.10399991383163185,0.3107001047750193,0.008161512027491411,0.9057247746831294,97
mt5,5,spatial,5,1.0,0.3139036398542131,0.0017417946415979803,0.1859965635738832,0.006954397086601862,97
mt5,5,a_ratio,5,1.0,0.1955066169325982,0.0549693465474295,0.026202749140893475,0.7037735989090746,97
mt5,5,nqc,5,1.0,0.10370259689127412,0.312092922202748,0.007731958762886599,0.9106652645488371,97
mt5,5,spatial,6,0.0,0.28326107884489904,0.0049317566812913105,0.17439862542955328,0.011382836808156348,97
mt5,5,a_ratio,6,0.0,0.19265751610130918,0.05867628601256061,0.0893470790378007,0.19479398827541883,97
mt5,5,nqc,6,0.0,0.15631050512771755,0.12627999880003077,0.05111683848797252,0.4582309196968538,97
mt5,5,spatial,6,0.1,0.2939474290161893,0.003473804136234566,0.17998281786941583,0.009007907605249525,97
mt5,5,a_ratio,6,0.1,0.19380964172377527,0.05715338301018764,0.04982817869415808,0.4696411010880063,97
mt5,5,nqc,6,0.1,0.12749896704672686,0.21330577418189803,0.029639175257731964,0.6671244311500414,97
mt5,5,spatial,6,0.2,0.302700544292377,0.002581313179414017,0.18943298969072167,0.005979808014005902,97
mt5,5,a_ratio,6,0.2,0.19436432897794798,0.05643180912595348,0.04510309278350516,0.5127917901399865,97
mt5,5,nqc,6,0.2,0.11801799596345341,0.2496076293082219,0.022336769759450176,0.7458382926337936,97
mt5,5,spatial,6,0.30000000000000004,0.3097739715817909,0.002017147314024478,0.19458762886597944,0.004747484369155047,97
mt5,5,a_ratio,6,0.30000000000000004,0.19469003491427525,0.0560115983288594,0.039948453608247426,0.5621188569054614,97
mt5,5,nqc,6,0.30000000000000004,0.11347651740622258,0.26842153179183337,0.01718213058419244,0.8031038928688624,97
mt5,5,spatial,6,0.4,0.3154171515635631,0.0016497208905307125,0.19931271477663232,0.003824903963020039,97
mt5,5,a_ratio,6,0.4,0.1949041500324305,0.05573675645519797,0.03436426116838488,0.6180159506334773,97
mt5,5,nqc,6,0.4,0.11082577797745893,0.2798348142752493,0.014604810996563576,0.8321598541826989,97
mt5,5,spatial,6,0.5,0.3198612023038309,0.0014042666326080195,0.20489690721649487,0.002946303078171719,97
mt5,5,a_ratio,6,0.5,0.1950555899964975,0.0555430337879422,0.03178694158075602,0.6446089162462232,97
mt5,5,nqc,6,0.5,0.10909108609830166,0.28747708927373494,0.012886597938144333,0.851661350500996,97
mt5,5,spatial,6,0.6000000000000001,0.3233116919590543,0.0012370839905765456,0.20317869415807563,0.0031947282487263706,97
mt5,5,a_ratio,6,0.6000000000000001,0.19516834267591757,0.055399158903985196,0.030498281786941587,0.6580807665431417,97
mt5,5,nqc,6,0.6000000000000001,0.10786829063411404,0.2929466908253704,0.010738831615120277,0.8761649965497997,97
mt5,5,spatial,6,0.7000000000000001,0.32594628829241307,0.0011218434855014706,0.2100515463917526,0.0023030471051788694,97
mt5,5,a_ratio,6,0.7000000000000001,0.195255545758585,0.0552880955838593,0.027061855670103097,0.6945424903122657,97
mt5,5,nqc,6,0.7000000000000001,0.10696020387563303,0.2970527867028955,0.009020618556701032,0.8958549214709819,97
mt5,5,spatial,6,0.8,0.327915438235466,0.0010421852361527995,0.2053264604810997,0.002887015591872923,97
mt5,5,a_ratio,6,0.8,0.1953249958033436,0.055199773529666395,0.028350515463917533,0.680780730027897,97
mt5,5,nqc,6,0.8,0.1062592942845049,0.30024786230487865,0.007731958762886599,0.9106652645488371,97
mt5,5,spatial,6,0.9,0.3293446936290342,0.0009876314630105508,0.202319587628866,0.003325969220576063,97
mt5,5,a_ratio,6,0.9,0.1953816111936857,0.055127859413683505,0.027061855670103097,0.6945424903122657,97
mt5,5,nqc,6,0.9,0.10570197314049254,0.30280442482386544,0.009020618556701032,0.8958549214709819,97
mt5,5,spatial,6,1.0,0.33033775237310214,0.0009512729115098305,0.20017182130584193,0.0036758280937195186,97
mt5,5,a_ratio,6,1.0,0.19542864766103854,0.05506817112463959,0.027061855670103097,0.6945424903122657,97
mt5,5,nqc,6,1.0,0.10524824322345823,0.304896279188483,0.00859106529209622,0.9007879306638119,97
mt5,5,spatial,7,0.0,0.28945220515568637,0.004032028680975836,0.18857388316151205,0.006211170636578692,97
mt5,5,a_ratio,7,0.0,0.1935803082597546,0.05745391361848083,0.0893470790378007,0.19479398827541883,97
mt5,5,nqc,7,0.0,0.13254069354764628,0.19560673020426955,0.05541237113402062,0.42134149715143543,97
mt5,5,spatial,7,0.1,0.30022533845246213,0.0028100049913361022,0.19587628865979384,0.004477722918252414,97
mt5,5,a_ratio,7,0.1,0.19452613051654166,0.056222738569234126,0.050257731958762895,0.4658203551040343,97
mt5,5,nqc,7,0.1,0.11986092053483838,0.24223805860542713,0.03522336769759451,0.6092594479622931,97
mt5,5,spatial,7,0.2,0.30913277116271853,0.002063260074112932,0.20103092783505158,0.0035320539175627825,97
mt5,5,a_ratio,7,0.2,0.19493104067137557,0.05570231744378329,0.04123711340206186,0.5495750194028222,97
mt5,5,nqc,7,0.2,0.11434578091571942,0.264748248076928,0.027491408934707907,0.6899437658549277,97
mt5,5,spatial,7,0.30000000000000004,0.31639203826378254,0.00159277146229169,0.19802405498281792,0.004058834798972484,97
mt5,5,a_ratio,7,0.30000000000000004,0.19515557638844014,0.05541543360657804,0.03823024054982819,0.5790561270652871,97
mt5,5,nqc,7,0.30000000000000004,0.11129496010184017,0.27779137357603795,0.018900343642611686,0.783880730258208,97
mt5,5,spatial,7,0.4,0.32222583162605317,0.0012876346272760848,0.1971649484536083,0.004221925130091803,97
mt5,5,a_ratio,7,0.4,0.1952982479669246,0.05523377597672837,0.03436426116838488,0.6180159506334773,97
mt5,5,nqc,7,0.4,0.1093636007742541,0.28626742441550407,0.015463917525773198,0.8224469251562028,97
mt5,5,spatial,7,0.5,0.3268472009575104,0.0010847355918349102,0.1971649484536083,0.004221925130091803,97
mt5,5,a_ratio,7,0.5,0.19539690512659913,0.055108445914011185,0.03178694158075602,0.6446089162462232,97
mt5,5,nqc,7,0.5,0.10803237189853067,0.2922087836181441,0.013745704467353953,0.841898479106889,97
mt5,5,spatial,7,0.6000000000000001,0.33045081253763536,0.0009472117834309091,0.202319587628866,0.003325969220576063,97
mt5,5,a_ratio,7,0.6000000000000001,0.19546918728940202,0.055016769737092845,0.030498281786941587,0.6580807665431417,97
mt5,5,nqc,7,0.6000000000000001,0.10705960314194357,0.2966014963014992,0.010738831615120277,0.8761649965497997,97
mt5,5,spatial,7,0.7000000000000001,0.3332088367427976,0.0008529098922292339,0.202319587628866,0.003325969220576063,97
mt5,5,a_ratio,7,0.7000000000000001,0.19552442127569464,0.054946800298975515,0.029639175257731964,0.6671244311500414,97
mt5,5,nqc,7,0.7000000000000001,0.10631786212118507,0.2999800226022207,0.009879725085910654,0.886001161240211,97
mt5,5,spatial,7,0.8,0.33527000276596325,0.0007881185742303414,0.2018900343642612,0.0033934144348203364,97
mt5,5,a_ratio,7,0.8,0.195568000928514,0.0548916459089836,0.027491408934707907,0.6899437658549277,97
mt5,5,nqc,7,0.8,0.1057336599807402,0.3026586890613308,0.007731958762886599,0.9106652645488371,97
mt5,5,spatial,7,0.9,0.3367605996810537,0.0007440990101900286,0.19673539518900346,0.004305679427335466,97
mt5,5,a_ratio,7,0.9,0.19560326216170823,0.05484705256328507,0.027491408934707907,0.6899437658549277,97
mt5,5,nqc,7,0.9,0.10526166356954421,0.3048342715556593,0.006013745704467355,0.930459888527551,97
mt5,5,spatial,7,1.0,0.33778652228172446,0.0007151201191552075,0.19286941580756015,0.005130036782382208,97
mt5,5,a_ratio,7,1.0,0.19563237881747622,0.054810252409469865,0.027061855670103097,0.6945424903122657,97
mt5,5,nqc,7,1.0,0.10487239929778894,0.3066361815247104,0.006443298969072166,0.9255067132095164,97
mt5,5,spatial,8,0.0,0.3098319443699136,0.0020130243498233296,0.1782646048109966,0.009686599012848096,97
mt5,5,a_ratio,8,0.0,0.19312368706205546,0.058056144686504677,0.07259450171821306,0.29214479548279504,97
mt5,5,nqc,8,0.0,0.14123317533703617,0.1676234084196862,0.04209621993127149,0.541289833276998,97
mt5,5,spatial,8,0.1,0.3193199370379921,0.0014322769045420406,0.19158075601374575,0.0054350017041903615,97
mt5,5,a_ratio,8,0.1,0.1939757163849699,0.056936554349750375,0.04553264604810997,0.5087854171288679,97
mt5,5,nqc,8,0.1,0.12321867134922136,0.22920114556384785,0.02920962199312715,0.6716645680851198,97
mt5,5,spatial,8,0.2,0.32693065240332486,0.001081355459681576,0.1937285223367698,0.004935409194231109,97
mt5,5,a_ratio,8,0.2,0.19443281663285794,0.05634323574999042,0.040807560137457045,0.5537409286316863,97
mt5,5,nqc,8,0.2,0.11625168285919653,0.2568141719411272,0.023195876288659798,0.7364196981955502,97
mt5,5,spatial,8,0.30000000000000004,0.3329244158517015,0.0008622224144042289,0.19158075601374575,0.0054350017041903615,97
mt5,5,a_ratio,8,0.30000000000000004,0.19471751289494224,0.05597626511478839,0.038659793814433,0.5747994088567128,97
mt5,5,nqc,8,0.30000000000000004,0.11258142330190594,0.2722398090379047,0.018470790378006877,0.7886746705788532,97
mt5,5,spatial,8,0.4,0.33755271478357396,0.0007216321008664295,0.19286941580756015,0.005130036782382208,97
mt5,5,a_ratio,8,0.4,0.19491175345496678,0.05572701693429509,0.032646048109965645,0.6356917335694203,97
mt5,5,nqc,8,0.4,0.11031931014806746,0.2820519026653777,0.015034364261168387,0.8273000875464372,97
mt5,5,spatial,8,0.5,0.3410457739866143,0.0006297672658864753,0.19587628865979384,0.004477722918252414,97
mt5,5,a_ratio,8,0.5,0.19505269764352567,0.055546728520213765,0.026632302405498288,0.6991524853070341,97
mt5,5,nqc,8,0.5,0.10878628154734726,0.28883410133724974,0.011597938144329899,0.8663479218117721,97
mt5,5,spatial,8,0.6000000000000001,0.34360658618342294,0.0005693632503005326,0.19286941580756015,0.005130036782382208,97
mt5,5,a_ratio,8,0.6000000000000001,0.1951596172848152,0.055410281772067464,0.026632302405498288,0.6991524853070341,97
mt5,5,nqc,8,0.6000000000000001,0.10767906259736035,0.2937992153751977,0.010309278350515465,0.8810807858527536,97
mt5,5,spatial,8,0.7000000000000001,0.3454093830640823,0.0005300754732613464,0.19158075601374575,0.0054350017041903615,97
mt5,5,a_ratio,8,0.7000000000000001,0.19524349780137862,0.05530342918446149,0.025773195876288665,0.708405677956768,97
mt5,5,nqc,8,0.7000000000000001,0.10684199002162528,0.29759008660752007,0.009020618556701032,0.8958549214709819,97
mt5,5,spatial,8,0.8,0.34660082169928785,0.0005054921192383329,0.1937285223367698,0.004935409194231109,97
mt5,5,a_ratio,8,0.8,0.19531105747416952,0.055217490101943864,0.022336769759450176,0.7458382926337936,97
mt5,5,nqc,8,0.8,0.10618699464667271,0.30057871594410496,0.008161512027491411,0.9057247746831294,97
mt5,5,spatial,8,0.9,0.3473026076048603,0.0004915059150670257,0.18943298969072167,0.005979808014005902,97
mt5,5,a_ratio,8,0.9,0.1953666350724413,0.05514687493233169,0.02061855670103093,0.7647885664914993,97
mt5,5,nqc,8,0.9,0.1056605205550817,0.3029951450317125,0.008161512027491411,0.9057247746831294,97
mt5,5,spatial,8,1.0,0.34761470118975674,0.00048540088347312206,0.19630584192439868,0.0043909374810577745,97
mt5,5,a_ratio,8,1.0,0.19541315725290076,0.05508782226926224,0.018470790378006877,0.7886746705788532,97
mt5,5,nqc,8,1.0,0.10522813296282249,0.30498921245464194,0.007731958762886599,0.9106652645488371,97
mt5,5,spatial,9,0.0,0.31304697464520465,0.0017959464344226076,0.20017182130584193,0.0036758280937195186,97
mt5,5,a_ratio,9,0.0,0.1930034741275738,0.05821554727714192,0.09621993127147768,0.16263626465805225,97
mt5,5,nqc,9,0.0,0.19531387397329347,0.05521390976243291,0.06314432989690723,0.3595119194286538,97
mt5,5,spatial,9,0.1,0.3222030743523337,0.0012887138466339506,0.20360824742268044,0.003130893451622874,97
mt5,5,a_ratio,9,0.1,0.19390620099064904,0.05702723221574342,0.04896907216494846,0.4773342987798882,97
mt5,5,nqc,9,0.1,0.1392493463553739,0.17373324579096308,0.033505154639175264,0.6268270582661877,97
mt5,5,spatial,9,0.2,0.3294053382223089,0.0009853753134282201,0.2053264604810997,0.002887015591872923,97
mt5,5,a_ratio,9,0.2,0.19438540333320442,0.056404542047115126,0.04424398625429554,0.52085358029868,97
mt5,5,nqc,9,0.2,0.12438557543530472,0.22478772601869354,0.02405498281786942,0.7270405431127746,97
mt5,5,spatial,9,0.30000000000000004,0.3349550011947086,0.0007977201845861947,0.21262886597938147,0.002032205430312129,97
mt5,5,a_ratio,9,0.30000000000000004,0.1946820572542637,0.05602186001550559,0.038659793814433,0.5747994088567128,97
mt5,5,nqc,9,0.30000000000000004,0.11777467600191271,0.2505920271521708,0.0193298969072165,0.77909497852838,97
mt5,5,spatial,9,0.4,0.3391338240657439,0.0006786305782997124,0.21048109965635742,0.002255725464528707,97
mt5,5,a_ratio,9,0.4,0.1948836576668733,0.055763012875457416,0.03393470790378007,0.6224147431170471,97
mt5,5,nqc,9,0.4,0.11405299383448678,0.2659816635896365,0.01718213058419244,0.8031038928688624,97
mt5,5,spatial,9,0.5,0.3421926614169045,0.0006020241155139136,0.20704467353951894,0.0026605976928076114,97
mt5,5,a_ratio,9,0.5,0.19502953622548488,0.05557632250952132,0.033075601374570454,0.6312527656924587,97
mt5,5,nqc,9,0.5,0.11166901564071442,0.27616942129878985,0.01202749140893471,0.8614470077832815,97
mt5,5,spatial,9,0.6000000000000001,0.34434730719900014,0.000552908806135044,0.20575601374570449,0.0028288190417010725,97
mt5,5,a_ratio,9,0.6000000000000001,0.1951399710922406,0.055435332856196624,0.028780068728522342,0.6762167162300601,97
mt5,5,nqc,9,0.6000000000000001,0.11001216456755633,0.2834021433188287,0.009020618556701032,0.8958549214709819,97
mt5,5,spatial,9,0.7000000000000001,0.3457789221614168,0.0005223358278490512,0.2014604810996564,0.0034621026042757834,97
mt5,5,a_ratio,9,0.7000000000000001,0.19522647163543136,0.05532510456702628,0.027491408934707907,0.6899437658549277,97
mt5,5,nqc,9,0.7000000000000001,0.10879406359543937,0.28879940233492274,0.007302405498281788,0.9156092108578661,97
mt5,5,spatial,9,0.8,0.3466369628070305,0.0005047630230558302,0.2014604810996564,0.0034621026042757834,97
mt5,5,a_ratio,9,0.8,0.19529605347224563,0.05523656642979312,0.027061855670103097,0.6945424903122657,97
mt5,5,nqc,9,0.8,0.10786092275057761,0.29297985456704706,0.006443298969072166,0.9255067132095164,97
mt5,5,spatial,9,0.9,0.3470432008012969,0.0004966338452193973,0.2014604810996564,0.0034621026042757834,97
mt5,5,a_ratio,9,0.9,0.19535323566654017,0.05516389302035344,0.022766323024054985,0.7411241465856763,97
mt5,5,nqc,9,0.9,0.10712327000898786,0.29631267462508293,0.006443298969072166,0.9255067132095164,97
mt5,5,spatial,9,1.0,0.34709597226290484,0.0004955867036304285,0.19931271477663232,0.003824903963020039,97
mt5,5,a_ratio,9,1.0,0.19540106009827973,0.05510317272997362,0.02061855670103093,0.7647885664914993,97
mt5,5,nqc,9,1.0,0.10652552513682509,0.29903161161715097,0.006872852233676977,0.9205564238059567,97
