retriever,k,qpp_method,alpha,r,p1(r),tau,p1(tau),rho,p1(rho),num_of_queries,with_0shot_posterior
bm25,3,spatial,0.0,0.48354613635025423,5.244144734968051e-07,0.24828178694158082,0.0003147483455907583,0.35618293709236265,0.0003426704889618091,97,False
bm25,3,spatial,0.0,0.15241883409985704,0.13611541596181834,0.14518900343642613,0.03513003275683934,0.19828266358089625,0.05154447292925237,97,True
bm25,3,a_ratio,0.0,0.19429506085356602,0.056521507850548096,0.0622852233676976,0.36608612957525455,0.10013412581527455,0.3291252395340497,97,False
bm25,3,a_ratio,0.0,0.2490807556710437,0.01388337866427912,0.10309278350515466,0.1346555631057889,0.1567957079739112,0.12509295331076808,97,True
bm25,3,nqc,0.0,0.0031798303105160016,0.9753398968510512,-0.08333333333333336,0.22656268559471548,-0.12350094677046075,0.22812801097308885,97,False
bm25,3,nqc,0.0,0.0375565604452105,0.7149449489422911,-0.04853951890034365,0.4812066051703042,-0.07551809383547232,0.46223245851615835,97,True
bm25,3,bertQPP,0.0,0.24253269889261553,0.016685865327232454,0.1254295532646048,0.06874005870255491,0.17876867241742056,0.07977637601959,97,False
bm25,3,bertQPP,0.0,0.20149419993743614,0.047803598976196696,0.09493127147766325,0.1683392012081001,0.13221912476330736,0.19670294240676267,97,True
bm25,3,spatial,0.05,0.4782766962998695,7.245647984646682e-07,0.256872852233677,0.0001933769855221948,0.3659399326741005,0.00022773274872885254,97,False
bm25,3,spatial,0.05,0.15702329170377008,0.12453912909476779,0.14304123711340208,0.037922646089534044,0.19745423942772983,0.052547608696941785,97,True
bm25,3,a_ratio,0.05,0.23551710148757277,0.020218245065715325,0.09536082474226806,0.16642177733641728,0.1460656427519461,0.15340717528339598,97,False
bm25,3,a_ratio,0.05,0.2828831570662517,0.0049920607717462194,0.11554982817869418,0.09358972367387966,0.18126709446665262,0.07558776394496299,97,True
bm25,3,nqc,0.05,0.0062046326731352314,0.9519032212042421,-0.07903780068728523,0.25141149497554627,-0.11628182200715337,0.25669002471369223,97,False
bm25,3,nqc,0.05,0.039477610978863015,0.7010386996322271,-0.046391752577319596,0.5008221569685896,-0.07131022512097622,0.48761701203755503,97,True
bm25,3,bertQPP,0.05,0.24969350859930492,0.013643382735905627,0.12500000000000003,0.06969448971824621,0.1798074900063118,0.07801278731852786,97,False
bm25,3,bertQPP,0.05,0.2048796139342987,0.044106219743232165,0.09407216494845362,0.1722237215768213,0.134349358300021,0.18952311535286423,97,True
bm25,3,spatial,0.1,0.4422144070292849,5.762391203211073e-06,0.2336769759450172,0.0006965926026270434,0.3419156322322743,0.0006086209424658854,97,False
bm25,3,spatial,0.1,0.16221057984747822,0.11241964702784964,0.147766323024055,0.03201236643126749,0.20108352619398273,0.04826906304527608,97,True
bm25,3,a_ratio,0.1,0.2738290866649802,0.00664715594552059,0.1314432989690722,0.05647001729864357,0.19074794866400166,0.06127330654170638,97,False
bm25,3,a_ratio,0.1,0.31200381966686147,0.0018639402189844245,0.14089347079037803,0.040901875311072,0.2078555649063749,0.04105524697341634,97,True
bm25,3,nqc,0.1,0.009582250868595741,0.9257820785301606,-0.07860824742268042,0.2539971105350425,-0.11501946139280453,0.26192500450759865,97,False
bm25,3,nqc,0.1,0.04161700038932048,0.6856673078353701,-0.04295532646048111,0.5330675016802799,-0.06823322112350094,0.5066377980358004,97,True
bm25,3,bertQPP,0.1,0.25748677407973247,0.010891477062999392,0.13015463917525774,0.058933277914773506,0.19082684620239848,0.061164180896864116,97,False
bm25,3,bertQPP,0.1,0.2084210433297183,0.04049588194120633,0.093213058419244,0.17617491386576734,0.13488849147906584,0.18773652381305195,97,True
bm25,3,spatial,0.15,0.40802730316966024,3.345722038617534e-05,0.22465635738831619,0.0011140538745299275,0.33207973911213967,0.0008904284319518785,97,False
bm25,3,spatial,0.15,0.1680905011823962,0.09981101035583526,0.14991408934707906,0.029598455953974822,0.20563328424153163,0.043316278915666064,97,True
bm25,3,a_ratio,0.15,0.30532964803045015,0.0023568701692384566,0.1512027491408935,0.028226597294347726,0.21866452766673677,0.03141392181088807,97,False
bm25,3,a_ratio,0.15,0.3299050450889348,0.0009669628125613426,0.15378006872852237,0.025646544632394585,0.22731695771091942,0.025143584921574334,97,True
bm25,3,nqc,0.15,0.01337645352385513,0.8965342082434119,-0.07903780068728523,0.25141149497554627,-0.11275773195876286,0.2714848361131576,97,False
bm25,3,nqc,0.15,0.0440125301661608,0.6686065007082902,-0.043814432989690726,0.5249088158491623,-0.06822007153376813,0.506719898943699,97,True
bm25,3,bertQPP,0.15,0.26597080542703144,0.008459489318204267,0.13101374570446736,0.05728140399891128,0.19767778245318743,0.052275352033630255,97,False
bm25,3,bertQPP,0.15,0.2120985430453015,0.037011218788634836,0.093213058419244,0.17617491386576734,0.13561171891436988,0.18535913226439762,97,True
bm25,3,spatial,0.2,0.38105272746834784,0.0001178203194042057,0.2134879725085911,0.0019486331283160838,0.3119345676414895,0.0018685354496386956,97,False
bm25,3,spatial,0.2,0.17479892278405196,0.08681143160690627,0.16194158075601378,0.018775672464210122,0.22146539027982326,0.029253564038527354,97,True
bm25,3,a_ratio,0.2,0.32749529017714707,0.001058735988054317,0.1512027491408935,0.028226597294347726,0.2263964864296234,0.025755481904218114,97,False
bm25,3,a_ratio,0.2,0.33272060687908667,0.0008689524960911994,0.14132302405498284,0.040290653027956765,0.21766515884704396,0.032216670315364904,97,True
bm25,3,nqc,0.2,0.01766681655509887,0.8636295922171005,-0.07431271477663232,0.2808725107935828,-0.10862876078266356,0.28953705753965403,97,False
bm25,3,nqc,0.2,0.04671073770421711,0.6495901403572579,-0.038659793814433,0.5747994088567128,-0.061171891436987154,0.5516958611814334,97,True
bm25,3,bertQPP,0.2,0.2752002004433692,0.006368850760061598,0.12800687285223372,0.06323660544752113,0.19912423732379547,0.050541617365087006,97,False
bm25,3,bertQPP,0.2,0.21587677108299722,0.03369639038051154,0.09536082474226806,0.16642177733641728,0.1410162002945508,0.16828381078086668,97,True
bm25,3,spatial,0.25,0.3603142512991032,0.00028868848595381354,0.20833333333333337,0.0025015666651811157,0.3025983589312013,0.002590412474676007,97,False
bm25,3,spatial,0.25,0.18250404532114342,0.0735803911050225,0.16451890034364264,0.016970096384742294,0.23011782032400588,0.023357283781315314,97,True
bm25,3,a_ratio,0.25,0.34010039172788914,0.0006535106855746893,0.1658075601374571,0.016125841537736958,0.24211024616031976,0.016882369051256663,97,False
bm25,3,a_ratio,0.25,0.3221193904417655,0.0012926894619246152,0.1396048109965636,0.042782883164389815,0.21698138018093832,0.032775829594119114,97,True
bm25,3,nqc,0.25,0.022553717408544283,0.8264345581519201,-0.07173539518900345,0.2978933833803449,-0.10388175888912264,0.3112531318846378,97,False
bm25,3,nqc,0.25,0.04976934678061131,0.6283028356714513,-0.038659793814433,0.5747994088567128,-0.060908899642331156,0.5534106734768378,97,True
bm25,3,bertQPP,0.25,0.2852181484215724,0.004629725098285763,0.138745704467354,0.04407710548149226,0.21290500736377024,0.036281619511664566,97,False
bm25,3,bertQPP,0.25,0.21969838091318705,0.030601309425942785,0.09579037800687287,0.16452082122278677,0.14835367136545338,0.1469997247787173,97,True
bm25,3,spatial,0.3,0.344206028395582,0.0005560131426698779,0.20489690721649487,0.002946303078171719,0.2967204923206396,0.0031649846232214003,97,False
bm25,3,spatial,0.3,0.19141292184916472,0.06035851098682752,0.16967353951890035,0.013810511589466142,0.23272143909110035,0.02179514118327997,97,True
bm25,3,a_ratio,0.3,0.34477639103672786,0.0005435776294198767,0.16451890034364264,0.016970096384742294,0.25191984010098883,0.01280149442902175,97,False
bm25,3,a_ratio,0.3,0.30342496387208645,0.002517626156132911,0.12929553264604812,0.060624507125192455,0.19820376604249945,0.05163932502508669,97,True
bm25,3,nqc,0.3,0.028165225273202137,0.7841971539070384,-0.06915807560137457,0.3155898965616176,-0.1017252261729434,0.321459006240496,97,False
bm25,3,nqc,0.3,0.05326045849386036,0.6043727887672361,-0.040378006872852236,0.5579222431626273,-0.060409215232484735,0.5566758801706884,97,True
bm25,3,bertQPP,0.3,0.29604349158486404,0.003238015534294565,0.14604810996563578,0.03406318246416719,0.22381916684199452,0.027536619941894595,97,False
bm25,3,bertQPP,0.3,0.2234752611404604,0.027782013161556502,0.10051546391752579,0.14467719951816677,0.15838680833158003,0.12126034759799174,97,True
bm25,3,spatial,0.35,0.3314590860107718,0.0009116873375618754,0.20060137457044677,0.0036032888355043277,0.28935672207027135,0.004044708908265414,97,False
bm25,3,spatial,0.35,0.2017759434479679,0.04748641849314402,0.17439862542955328,0.011382836808156348,0.23642962339575002,0.019725210108448483,97,True
bm25,3,a_ratio,0.35,0.34386367528644496,0.0005636020816242628,0.1752577319587629,0.010984624932232429,0.25692983378918577,0.011070630335871063,97,False
bm25,3,a_ratio,0.35,0.2818171345349806,0.005165714344763404,0.11855670103092786,0.08536128644887009,0.18618504102671996,0.06785941798181397,97,True
bm25,3,nqc,0.35,0.03466669367267275,0.7360396006009259,-0.06314432989690723,0.3595119194286538,-0.09231011992425836,0.3685006509304348,97,False
bm25,3,nqc,0.35,0.05727465131077056,0.5773669000667626,-0.040807560137457045,0.5537409286316863,-0.061750473385230376,0.5479323424735794,97,True
bm25,3,bertQPP,0.35,0.30764974648119187,0.0021735801160923927,0.1516323024054983,0.027781654237823455,0.23354986324426674,0.021317244393989496,97,False
bm25,3,bertQPP,0.35,0.22707744356638815,0.025301601280380743,0.09965635738831616,0.14814179266855426,0.15684830633284239,0.12496478781314789,97,True
bm25,3,spatial,0.4,0.3211756688482689,0.001338300824334954,0.1937285223367698,0.004935409194231109,0.282663580896276,0.00502739858903932,97,False
bm25,3,spatial,0.4,0.2138830135771025,0.03541305074023954,0.18427835051546396,0.0074933028749945285,0.24545024195245108,0.015381950160591275,97,True
bm25,3,a_ratio,0.4,0.33950778879100224,0.0006688087700373325,0.17697594501718217,0.010225152665271457,0.26358352619398273,0.009090094169058132,97,False
bm25,3,a_ratio,0.4,0.26054078923092217,0.009953457179003155,0.11254295532646051,0.10244263799035044,0.17420576478013886,0.08790368420676231,97,True
bm25,3,nqc,0.4,0.042274194250100365,0.6809706449943997,-0.054123711340206195,0.432221333716273,-0.07806911424363559,0.44720373792943346,97,False
bm25,3,nqc,0.4,0.0619260818737933,0.5467925323929036,-0.03694158075601375,0.5919142896074897,-0.05382127077635177,0.6005664941659212,97,True
bm25,3,bertQPP,0.4,0.31993239461919404,0.0014006196796171155,0.15721649484536085,0.02252544814571104,0.24005891016200293,0.017865217865118684,97,False
bm25,3,bertQPP,0.4,0.23032007731448834,0.023232596956302816,0.10223367697594504,0.13793469449367568,0.15809751735745842,0.1219503778598732,97,True
bm25,3,spatial,0.45,0.3127310883400956,0.0018162954952078121,0.1890034364261169,0.006094500520977148,0.2779428781822007,0.005842932578274605,97,False
bm25,3,spatial,0.45,0.22803545976883602,0.024674596704449797,0.18470790378006877,0.007355176256510775,0.24792236482221752,0.014347118774461575,97,True
bm25,3,a_ratio,0.45,0.333301065480697,0.0008499098998740693,0.18470790378006877,0.007355176256510775,0.2713943824952661,0.0071679501079536636,97,False
bm25,3,a_ratio,0.45,0.2410871646306275,0.01736655553297938,0.10996563573883163,0.110550087489207,0.1657505785819482,0.10468870163019928,97,True
bm25,3,nqc,0.45,0.05127331680048491,0.6179446348502509,-0.04424398625429554,0.52085358029868,-0.06626078266358089,0.5190294119729644,97,False
bm25,3,nqc,0.45,0.06735837054551538,0.512114989294129,-0.033075601374570454,0.6312527656924587,-0.04829844308857563,0.6385034744028912,97,True
bm25,3,bertQPP,0.45,0.3326604581326397,0.0008709478388437338,0.1585051546391753,0.021443192891173694,0.2426099305701662,0.016650155530360942,97,False
bm25,3,bertQPP,0.45,0.23295010295641158,0.021662322853023816,0.10309278350515466,0.1346555631057889,0.1568877551020408,0.12486872982597513,97,True
bm25,3,spatial,0.5,0.30568649055717545,0.002327802370743587,0.18427835051546396,0.0074933028749945285,0.2705659583420997,0.007353197416321582,97,False
bm25,3,spatial,0.5,0.24445536499220993,0.01581630212487169,0.18513745704467358,0.007219338175415614,0.2519592888701872,0.012786994201630942,97,True
bm25,3,a_ratio,0.5,0.32628676151543623,0.001107686001869554,0.18470790378006877,0.007355176256510775,0.26814643383126446,0.007918658116271278,97,False
bm25,3,a_ratio,0.5,0.22390691823896883,0.02747430055630936,0.11125429553264607,0.10643517898925002,0.16141121397012412,0.11422519034206084,97,True
bm25,3,nqc,0.5,0.06204509977084352,0.5460206884634893,-0.030498281786941587,0.6580807665431417,-0.0472070271407532,0.6461162790590993,97,False
bm25,3,nqc,0.5,0.07375014067902198,0.47280850081972264,-0.027491408934707907,0.6899437658549277,-0.040908373658741844,0.6907449587797547,97,True
bm25,3,bertQPP,0.5,0.3454103057905161,0.0005300560173644072,0.1709621993127148,0.013106785247853048,0.25669314117399533,0.011147544937082955,97,False
bm25,3,bertQPP,0.5,0.2346364562779315,0.02070405314311613,0.10781786941580758,0.11768634646990996,0.15880759520302964,0.12026203749484253,97,True
bm25,3,spatial,0.55,0.2997281204742482,0.0028580827336211366,0.1782646048109966,0.009686599012848096,0.2618609299389859,0.009570419239600045,97,False
bm25,3,spatial,0.55,0.2630472581239159,0.009237303819402843,0.1941580756013746,0.0048406217198878375,0.26434620239848516,0.00888428472121711,97,True
bm25,3,a_ratio,0.55,0.3190929949113508,0.0014441711261890193,0.1911512027491409,0.005540236417616152,0.27231485377656217,0.0069669654413180935,97,False
bm25,3,a_ratio,0.55,0.20895856645290997,0.039970078907621026,0.10824742268041239,0.11623089832126132,0.15319272038712392,0.13411460109675838,97,True
bm25,3,nqc,0.55,0.0751001895599433,0.46472060602488485,-0.015463917525773198,0.8224469251562028,-0.02906059330948874,0.7775118800344578,97,False
bm25,3,nqc,0.55,0.08131663692075591,0.428473679084185,-0.023195876288659798,0.7364196981955502,-0.03860719545550178,0.7073276488820939,97,True
bm25,3,bertQPP,0.55,0.3574870759192312,0.00032470156881018205,0.18084192439862545,0.008684754281086702,0.2668183252682516,0.008245059585523414,97,False
bm25,3,bertQPP,0.55,0.2349707894860771,0.020518451598115554,0.12156357388316154,0.07772782073014356,0.17225962549968438,0.09156410760982116,97,True
bm25,3,spatial,0.6,0.2946272708162859,0.003395695568252163,0.17654639175257736,0.010410504577977625,0.25996738901746264,0.010123972025275072,97,False
bm25,3,spatial,0.6,0.28285444265461557,0.004996669371141999,0.20017182130584193,0.0036758280937195186,0.2782190195665895,0.005792178539798045,97,True
bm25,3,a_ratio,0.6,0.3120718589688731,0.0018594354103674852,0.19243986254295536,0.005229928831102741,0.2714206816747317,0.00716213736696228,97,False
bm25,3,a_ratio,0.6,0.19601157637727448,0.054332837270519005,0.11168384879725088,0.1050908480999539,0.15399484536082472,0.13206448328255282,97,True
bm25,3,nqc,0.6,0.0911182661393528,0.3747422440953774,0.0008591065292096221,0.9900533454687662,-0.008520934146854618,0.9339827135687949,97,False
bm25,3,nqc,0.6,0.0902977275370796,0.37907645109746596,-0.01718213058419244,0.8031038928688624,-0.03361035135703766,0.7438005097403522,97,True
bm25,3,bertQPP,0.6,0.3678567654240822,0.00020984372498349932,0.18513745704467358,0.007219338175415614,0.27470807910793177,0.006467530030330326,97,False
bm25,3,bertQPP,0.6,0.2334888331466207,0.021352142041410425,0.11426116838487975,0.09730564872611688,0.16579002735114662,0.10460495276444488,97,True
bm25,3,spatial,0.65,0.29021403375805255,0.003932122520503114,0.1709621993127148,0.013106785247853048,0.2503550389227856,0.013388338425175424,97,False
bm25,3,spatial,0.65,0.3010569535616239,0.002731215462753217,0.202319587628866,0.003325969220576063,0.28329476120345043,0.004926413664546812,97,True
bm25,3,a_ratio,0.65,0.30540464747784946,0.0023507338343816088,0.18943298969072167,0.005979808014005902,0.26730486008836524,0.008124136945687211,97,False
bm25,3,a_ratio,0.65,0.18478888188454698,0.06998540592093073,0.11039518900343644,0.10916471457232763,0.15165421838838627,0.13811445473632636,97,True
bm25,3,nqc,0.65,0.11097470224744277,0.2791851144765217,0.023195876288659798,0.7364196981955502,0.019435093625078892,0.8501320944236715,97,False
bm25,3,nqc,0.65,0.10090833616508012,0.3253804939720693,0.005584192439862544,0.9354157588836661,-0.007140227224910582,0.9446614281917045,97,True
bm25,3,bertQPP,0.65,0.37514169176283446,0.00015304965131598624,0.19201030927835053,0.00533157487845821,0.28379444561329686,0.00484775189364178,97,False
bm25,3,bertQPP,0.65,0.22972277297369975,0.023602470705479137,0.10738831615120277,0.11915605807960761,0.1570324005891016,0.12451700188790481,97,True
bm25,3,spatial,0.7,0.286359921480175,0.00446123262750356,0.16967353951890035,0.013810511589466142,0.2473963812329055,0.014562086938419224,97,False
bm25,3,spatial,0.7,0.3119217288217937,0.0018693884962416123,0.19329896907216498,0.0050318722795436996,0.2804544498211656,0.005395504633413204,97,True
bm25,3,a_ratio,0.7,0.29917177222075675,0.002912752983495556,0.1890034364261169,0.006094500520977148,0.26713391542183884,0.008166444079703745,97,False
bm25,3,a_ratio,0.7,0.17502592996581828,0.08639628017266866,0.10567010309278352,0.12517917667351905,0.14408005470229326,0.15913511171734832,97,True
bm25,3,nqc,0.7,0.13568891574112316,0.18510667127912622,0.04982817869415808,0.4696411010880063,0.058173784977908684,0.5713954539988411,97,False
bm25,3,nqc,0.7,0.11319852013398003,0.26960351219638795,0.021907216494845363,0.7505619727933218,0.014859036398064377,0.8851409240282757,97,True
bm25,3,bertQPP,0.7,0.3777596819998327,0.00013638951808727458,0.19587628865979384,0.004477722918252414,0.2916841994529771,0.0037455583387422096,97,False
bm25,3,bertQPP,0.7,0.22328777278448472,0.027916574923820506,0.10567010309278352,0.12517917667351905,0.15609877971807282,0.12680068092344368,97,True
bm25,3,spatial,0.75,0.2829661713037408,0.004978758437340006,0.16838487972508595,0.01454739544260673,0.24445087313275823,0.015818287045716476,97,False
bm25,3,spatial,0.75,0.3078734903131224,0.0021566024075856866,0.18470790378006877,0.007355176256510775,0.2700794235219861,0.007463952402213357,97,True
bm25,3,a_ratio,0.75,0.29339628501352716,0.003538303161022314,0.18427835051546396,0.0074933028749945285,0.260467073427309,0.00997523643841271,97,False
bm25,3,a_ratio,0.75,0.1664909023057855,0.10312572191418562,0.09836769759450173,0.15345704089516993,0.13409951609509782,0.19035521611288117,97,True
bm25,3,nqc,0.75,0.16609944518023972,0.10394988005622124,0.0734536082474227,0.28647120739097054,0.09373027561540079,0.36114715086427396,97,False
bm25,3,nqc,0.75,0.12673221484122163,0.21609405199684392,0.0313573883161512,0.6490868603039283,0.030756890385019983,0.7648911764879998,97,True
bm25,3,bertQPP,0.75,0.37426823193894687,0.0001590147288180906,0.2053264604810997,0.002887015591872923,0.30238796549547653,0.0026092383079632264,97,False
bm25,3,bertQPP,0.75,0.21398815506499663,0.03532072263895683,0.10137457044673541,0.14127503537333896,0.15061540079949506,0.14086595010412442,97,True
bm25,3,spatial,0.8,0.2799557332393129,0.005481846767804902,0.1679553264604811,0.014800614099959652,0.24314906374921097,0.016402709809913485,97,False
bm25,3,spatial,0.8,0.285071255632223,0.004651808841300473,0.1589347079037801,0.021092644173514117,0.23072270145171467,0.02298608048419209,97,True
bm25,3,a_ratio,0.8,0.28806999509076675,0.0042190955530042665,0.18127147766323026,0.008527096049992753,0.25798180096780976,0.010734373451201614,97,False
bm25,3,a_ratio,0.8,0.1589882877644612,0.11983529576255116,0.09364261168384881,0.17419095096502246,0.12836629497159688,0.2101826685667235,97,True
bm25,3,nqc,0.8,0.20181331766953758,0.0474444745540031,0.11254295532646051,0.10244263799035044,0.15538870187250156,0.12855893887001119,97,False
bm25,3,nqc,0.8,0.14002962055458554,0.1713108941714261,0.04596219931271478,0.5047955105031363,0.0629733852303808,0.540018962035685,97,True
bm25,3,bertQPP,0.8,0.36385592481050744,0.0002487729554085912,0.20274914089347082,0.003259747042536618,0.29728592467915,0.0031051250579857293,97,False
bm25,3,bertQPP,0.8,0.20190669621853258,0.04733981264331155,0.09621993127147768,0.16263626465805225,0.13971439091100357,0.17228650728357045,97,True
bm25,3,spatial,0.85,0.27726768052043427,0.005968697366664849,0.16752577319587633,0.015057708996420909,0.2425704818009678,0.016668387293370075,97,False
bm25,3,spatial,0.85,0.2483725580413711,0.014165319066125719,0.1207044673539519,0.07984982362376257,0.17748001262360616,0.08200827736835153,97,True
bm25,3,a_ratio,0.85,0.28316877510963157,0.004946425222323263,0.17912371134020622,0.009341755733078497,0.25654849568693455,0.011194777888387384,97,False
bm25,3,a_ratio,0.85,0.1523560279375577,0.13627878534270826,0.09020618556701032,0.1905365207922204,0.12000315590153586,0.24167560976006544,97,True
bm25,3,nqc,0.85,0.23894088354629844,0.018421377778620778,0.15077319587628868,0.0286776674564184,0.21485114664422467,0.03457051412900473,97,False
bm25,3,nqc,0.85,0.15011321939647224,0.14221084678343232,0.06142611683848798,0.37273483374323335,0.08376288659793814,0.4146665775360604,97,True
bm25,3,bertQPP,0.85,0.3467433955004346,0.0005026214928032003,0.20317869415807563,0.0031947282487263706,0.2937749842204923,0.0034938708145210865,97,False
bm25,3,bertQPP,0.85,0.18743180423668987,0.06600538886639179,0.09192439862542956,0.1822278457949571,0.1302861350725857,0.20338579252436237,97,True
bm25,3,spatial,0.9,0.27485324221978147,0.006438282397114983,0.1670962199312715,0.015318729327102553,0.24084788554597095,0.017481511152464813,97,False
bm25,3,spatial,0.9,0.20735194543435873,0.04155883112897073,0.10567010309278352,0.12517917667351905,0.15112823479907425,0.1395024784615106,97,True
bm25,3,a_ratio,0.9,0.27866135532020936,0.005711693279475172,0.17310996563573885,0.01200419316896961,0.24848779718072794,0.014119105323060549,97,False
bm25,3,a_ratio,0.9,0.14646070510944112,0.15228615508204668,0.08419243986254298,0.22181074839562664,0.11185041026719963,0.275385164108093,97,True
bm25,3,nqc,0.9,0.2681619315244733,0.007914917544811887,0.186426116838488,0.006825229731210832,0.2602040816326531,0.01005327782093619,97,False
bm25,3,nqc,0.9,0.15333926415012958,0.13373825873591616,0.07087628865979383,0.3037170573623521,0.10322427940248263,0.31434214297638624,97,True
bm25,3,bertQPP,0.9,0.32420978669100725,0.0011966445533179988,0.18256013745704472,0.00806936233603351,0.2673574584472964,0.008111158264923812,97,False
bm25,3,bertQPP,0.9,0.1711985463022127,0.09361004643408492,0.09063573883161513,0.18843365829791547,0.13039133179044812,0.20301796645909528,97,True
bm25,3,spatial,0.95,0.27267294087075533,0.006890133223677988,0.16752577319587633,0.015057708996420909,0.24150536503261097,0.01716720767000703,97,False
bm25,3,spatial,0.95,0.169116440972634,0.09772944988934786,0.0970790378006873,0.15891607395046403,0.13035188302124973,0.20315584532024802,97,True
bm25,3,a_ratio,0.95,0.2745142617346438,0.006506763913168571,0.1666666666666667,0.01558372473088864,0.2419787502629918,0.016943940813116974,97,False
bm25,3,a_ratio,0.95,0.14119260608588788,0.1677467423654776,0.077319587628866,0.2618647746424714,0.10322427940248263,0.31434214297638624,97,True
bm25,3,nqc,0.95,0.2791314024511212,0.005627255036204265,0.17310996563573885,0.01200419316896961,0.2478040185146223,0.014395244949683325,97,False
bm25,3,nqc,0.95,0.14810149658559377,0.14769588262985828,0.07302405498281789,0.28929863271816614,0.11206080370292446,0.2744774061926939,97,True
bm25,3,bertQPP,0.95,0.2981897764173006,0.0030115461684291863,0.17740549828178698,0.010042744211065484,0.25643014937933933,0.01123355303224737,97,False
bm25,3,bertQPP,0.95,0.15396286852468086,0.13214575158423822,0.0854810996563574,0.2148174024411691,0.11916158215863663,0.24501666700747365,97,True
bm25,3,spatial,1.0,0.2706944956652693,0.007324180495871498,0.16799141096545445,0.014799645063244615,0.24201979026789586,0.01692470341787819,97,False
bm25,3,spatial,1.0,0.13646132822441712,0.18259438042028178,0.07603092783505157,0.269899250718855,0.10005522827687774,0.329508392827099,97,True
bm25,3,a_ratio,1.0,0.2706944956652693,0.007324180495871498,0.16799141096545445,0.014799645063244615,0.24201979026789586,0.01692470341787819,97,False
bm25,3,a_ratio,1.0,0.13646132822441712,0.18259438042028178,0.07603092783505157,0.269899250718855,0.10005522827687774,0.329508392827099,97,True
bm25,3,nqc,1.0,0.2706944956652693,0.007324180495871498,0.16799141096545445,0.014799645063244615,0.24201979026789586,0.01692470341787819,97,False
bm25,3,nqc,1.0,0.13646132822441712,0.18259438042028178,0.07603092783505157,0.269899250718855,0.10005522827687774,0.329508392827099,97,True
bm25,3,bertQPP,1.0,0.2706944956652693,0.007324180495871498,0.16799141096545445,0.014799645063244615,0.24201979026789586,0.01692470341787819,97,False
bm25,3,bertQPP,1.0,0.13646132822441712,0.18259438042028178,0.07603092783505157,0.269899250718855,0.10005522827687774,0.329508392827099,97,True
bm25,3,0shot_pos,1.0,-0.13530350428934398,0.18636960122046325,-0.13359106529209622,0.05255528194642074,-0.1837260677466863,0.07163959518941028,97,True
