Prediction Name,QA Task,Retriever,Top-Retrieved Docs,Use_Postgen,Combination_Number,Rho,Tau,Best Single Signal,Best Single Rho,Best Single Tau
GPP,nq,e5,3,False,0,0.2793402060122676,0.2122330694919409,maxScore,0.2233,0.1684
GPP,nq,e5,3,False,1,0.2909768142157835,0.2208707807657186,maxScore,0.2233,0.1684
GPP,nq,e5,3,False,2,0.292221772871259,0.2218019741626075,maxScore,0.2233,0.1684
GPP,nq,e5,3,False,3,0.2939450998625231,0.2230645147306738,maxScore,0.2233,0.1684
GPP,nq,e5,3,False,4,0.2908948870226985,0.2209570574702227,maxScore,0.2233,0.1684
GPP,nq,e5,3,False,5,0.2886303468851262,0.219280611849945,maxScore,0.2233,0.1684
GPP,nq,mt5,3,False,0,0.1848373770645145,0.1404271605614319,maxScore,0.2386,0.182
GPP,nq,mt5,3,False,1,0.2296824545373766,0.1750711881174961,maxScore,0.2386,0.182
GPP,nq,mt5,3,False,2,0.2315934824535098,0.1764526253778076,maxScore,0.2386,0.182
GPP,nq,mt5,3,False,3,0.2333784345934799,0.1776908164762428,maxScore,0.2386,0.182
GPP,nq,mt5,3,False,4,0.2438519735236212,0.1859987159068604,maxScore,0.2386,0.182
GPP,nq,mt5,3,False,5,0.239823184740763,0.1829262936116286,maxScore,0.2386,0.182
GPP,nq,mt5,3,False,0,0.2801583092308409,0.213837605878271,maxScore,0.2386,0.182
GPP,nq,mt5,3,False,1,0.2809095507344741,0.2144272206870497,maxScore,0.2386,0.182
GPP,nq,mt5,3,False,2,0.2839606704522139,0.2166643553365117,maxScore,0.2386,0.182
GPP,nq,mt5,3,False,3,0.2977885716558927,0.2268155569609842,maxScore,0.2386,0.182
GPP,nq,mt5,3,False,4,0.3006199065367717,0.2290012892937835,maxScore,0.2386,0.182
GPP,nq,mt5,3,False,5,0.2841346980901213,0.2165800706555133,maxScore,0.2386,0.182
GPP,nq,bm25,3,False,0,0.2562469333027465,0.1962275570453327,bertQPP,0.2113,0.1617
GPP,nq,bm25,3,False,1,0.2573831202062929,0.1970608193027697,bertQPP,0.2113,0.1617
GPP,nq,bm25,3,False,2,0.2603079867072352,0.1992478376640031,bertQPP,0.2113,0.1617
GPP,nq,bm25,3,False,3,0.263786243121932,0.2018853212210653,bertQPP,0.2113,0.1617
GPP,nq,bm25,3,False,4,0.2706436154168641,0.2075780997220632,bertQPP,0.2113,0.1617
GPP,nq,bm25,3,False,5,0.265614610423686,0.2037300647173458,bertQPP,0.2113,0.1617
GPP,nq,bm25,3,True,0,0.3665484220775225,0.2807245988788033,prob(k),0.3078,0.2346
GPP,nq,bm25,3,True,1,0.3679724265315354,0.2818163376721876,prob(k),0.3078,0.2346
GPP,nq,bm25,3,True,2,0.3686230532444378,0.2822852935791115,prob(k),0.3078,0.2346
GPP,nq,bm25,3,True,3,0.3680269793025358,0.2820185552360792,prob(k),0.3078,0.2346
GPP,nq,bm25,3,True,4,0.3710696530118409,0.2845214893634703,prob(k),0.3078,0.2346
GPP,nq,bm25,3,True,5,0.371174136075136,0.284484901360665,prob(k),0.3078,0.2346
GPP,nq,bm25,3,False,2,0.263786243121932,0.2018853212210653,bertQPP,0.2113,0.1617
GPP,nq,bm25,3,False,3,0.2706436154168641,0.2075780997220632,bertQPP,0.2113,0.1617
GPP,nq,bm25,3,False,4,0.265614610423686,0.2037300647173458,bertQPP,0.2113,0.1617
GPP,nq,bm25,3,True,2,0.3680269793025358,0.2820185552360792,prob(k),0.3078,0.2346
GPP,nq,bm25,3,True,3,0.3710696530118409,0.2845214893634703,prob(k),0.3078,0.2346
GPP,nq,bm25,3,True,4,0.371174136075136,0.284484901360665,prob(k),0.3078,0.2346
GPP,nq,bm25,3,False,2,0.2647523543282786,0.202681995475697,bertQPP,0.2113,0.1617
GPP,nq,bm25,3,False,3,0.2635942372862987,0.2019447275482008,bertQPP,0.2113,0.1617
GPP,nq,bm25,3,False,12,0.263786243121932,0.2018853212210653,bertQPP,0.2113,0.1617
GPP,nq,bm25,3,False,13,0.2641927757016573,0.2025403644970958,bertQPP,0.2113,0.1617
GPP,nq,bm25,3,False,23,0.2689059300984463,0.2061755596145264,bertQPP,0.2113,0.1617
GPP,nq,bm25,3,True,2,0.368328109843371,0.2822447713824562,prob(k),0.3078,0.2346
GPP,nq,bm25,3,True,3,0.3690529676465784,0.2826645498662547,prob(k),0.3078,0.2346
GPP,nq,bm25,3,True,12,0.3680269793025358,0.2820185552360792,prob(k),0.3078,0.2346
GPP,nq,bm25,3,True,13,0.3703967741043208,0.2838129410510793,prob(k),0.3078,0.2346
GPP,nq,bm25,3,True,23,0.3696954178220304,0.2834387992159412,prob(k),0.3078,0.2346
GPP,nq,mt5,3,False,2,0.2941506803712547,0.2240908562196475,maxScore,0.2386,0.182
GPP,nq,mt5,3,False,3,0.2847665920898396,0.2170589437085405,maxScore,0.2386,0.182
GPP,nq,mt5,3,False,12,0.2977885716558927,0.2268155569609842,maxScore,0.2386,0.182
GPP,nq,mt5,3,False,13,0.284767901286352,0.217055164126433,maxScore,0.2386,0.182
GPP,nq,mt5,3,False,23,0.2997610164086463,0.2283205865562128,maxScore,0.2386,0.182
GPP,nq,mt5,3,True,0,0.3586423411405706,0.2723394895718575,prob(k),0.2683,0.2029
GPP,nq,mt5,3,True,1,0.3586146201171523,0.2723300406165886,prob(k),0.2683,0.2029
GPP,nq,mt5,3,True,2,0.3660179113507409,0.2778334901234002,prob(k),0.2683,0.2029
GPP,nq,mt5,3,True,3,0.3592655402401117,0.2732412978627203,prob(k),0.2683,0.2029
GPP,nq,mt5,3,True,12,0.367155772142182,0.2786264464495653,prob(k),0.2683,0.2029
GPP,nq,mt5,3,True,13,0.3592599163476091,0.2732352505313482,prob(k),0.2683,0.2029
GPP,nq,mt5,3,True,23,0.3670491706814154,0.2790399327321319,prob(k),0.2683,0.2029
GPP,nq,mt5,3,False,123,0.3011220332214225,0.2293637512178981,maxScore,0.2386,0.182
GPP,nq,mt5,3,True,123,0.3677901287802043,0.2795206955762129,prob(k),0.2683,0.2029
GPP,nq,e5,3,False,2,0.2854665496057796,0.2167700341253454,maxScore,0.2233,0.1684
GPP,nq,e5,3,False,3,0.2787722411907791,0.2117856950284994,maxScore,0.2233,0.1684
GPP,nq,e5,3,False,12,0.2939450998625231,0.2230645147306738,maxScore,0.2233,0.1684
GPP,nq,e5,3,False,13,0.2866241581359255,0.2176681299933514,maxScore,0.2233,0.1684
GPP,nq,e5,3,False,23,0.2826350986314087,0.2146807990998973,maxScore,0.2233,0.1684
GPP,nq,e5,3,False,123,0.2891885236520352,0.2195862991391793,maxScore,0.2233,0.1684
GPP,nq,e5,3,True,0,0.3806422260060739,0.2893789467301278,prob(k),0.2919,0.2206
GPP,nq,e5,3,True,1,0.3856881216287185,0.2931602464344277,prob(k),0.2919,0.2206
GPP,nq,e5,3,True,2,0.3796747554943037,0.2886433634477611,prob(k),0.2919,0.2206
GPP,nq,e5,3,True,3,0.3781747773535806,0.2879643062821383,prob(k),0.2919,0.2206
GPP,nq,e5,3,True,12,0.3843233945193368,0.2920449712757735,prob(k),0.2919,0.2206
GPP,nq,e5,3,True,13,0.3830383501552797,0.2917430028100092,prob(k),0.2919,0.2206
GPP,nq,e5,3,True,23,0.3771260777513522,0.2871335211189396,prob(k),0.2919,0.2206
GPP,nq,e5,3,True,123,0.3814211551189204,0.2903265029502848,prob(k),0.2919,0.2206
GPP,nq,bm25,3,False,123,0.2690943113719164,0.2063128629798926,bertQPP,0.2113,0.1617
GPP,dl,mt5,3,False,0,0.3542893961708395,0.2547250859106529,bertQPP,0.1808,0.1284
GPP,dl,mt5,3,False,1,0.4114506627393225,0.2903780068728522,itg(perpC),0.3557,0.2486
GPP,dl,mt5,3,False,2,0.3953029665474436,0.2787800687285223,avg(docQual),0.2586,0.1804
GPP,dl,mt5,3,False,3,0.3542893961708395,0.2547250859106529,bertQPP,0.1808,0.1284
GPP,dl,mt5,3,False,12,0.4160661687355355,0.2946735395189004,itg(perpC),0.3557,0.2486
GPP,dl,mt5,3,False,13,0.4114506627393225,0.2903780068728522,itg(perpC),0.3557,0.2486
GPP,dl,mt5,3,False,23,0.3953029665474436,0.2787800687285223,avg(docQual),0.2586,0.1804
GPP,dl,mt5,3,False,123,0.4160661687355355,0.2946735395189004,itg(perpC),0.3557,0.2486
GPP,dl,mt5,3,False,1,0.360574900063118,0.2607388316151203,itg(perpC),0.3557,0.2486
GPP,dl,mt5,3,False,12,0.4033242162844519,0.2839347079037801,itg(perpC),0.3557,0.2486
GPP,dl,mt5,3,False,13,0.360574900063118,0.2607388316151203,itg(perpC),0.3557,0.2486
GPP,dl,mt5,3,False,123,0.4033242162844519,0.2839347079037801,itg(perpC),0.3557,0.2486
GPP,nq,mt5,3,False,0,0.2796948911732308,0.2134657931666309,maxScore,0.2382,0.1816
GPP,nq,mt5,3,False,1,0.2929161158251581,0.2232148863695355,maxScore,0.2382,0.1816
GPP,nq,mt5,3,False,2,0.2937450447799828,0.2237762458109843,maxScore,0.2382,0.1816
GPP,nq,mt5,3,False,3,0.2876088935661365,0.2192235000183734,maxScore,0.2382,0.1816
GPP,nq,mt5,3,False,12,0.301754683389698,0.2296177038697172,maxScore,0.2382,0.1816
GPP,nq,mt5,3,False,13,0.300826828944902,0.2289646708098059,maxScore,0.2382,0.1816
GPP,nq,mt5,3,False,23,0.3028854080506433,0.2307340093718994,maxScore,0.2382,0.1816
GPP,nq,mt5,3,False,123,0.3098232864458087,0.2358235928561648,maxScore,0.2382,0.1816
GPP,nq,mt5,3,False,1,0.2800792265177584,0.2137845759139591,maxScore,0.2382,0.1816
GPP,nq,mt5,3,False,12,0.296423321184992,0.2257391175676097,maxScore,0.2382,0.1816
GPP,nq,mt5,3,False,13,0.2876422494591759,0.219245758222033,maxScore,0.2382,0.1816
GPP,nq,mt5,3,False,123,0.3039249283706249,0.2314945608732173,maxScore,0.2382,0.1816
GPP,nq,mt5,3,False,0,0.2796948911732308,0.2134657931666309,spatial,0.2643,0.2008
GPP,nq,mt5,3,False,1,0.2929161158251581,0.2232148863695355,spatial,0.2643,0.2008
GPP,nq,mt5,3,False,2,0.2937450447799828,0.2237762458109843,spatial,0.2643,0.2008
GPP,nq,mt5,3,False,3,0.2876088935661365,0.2192235000183734,spatial,0.2643,0.2008
GPP,nq,mt5,3,False,12,0.301754683389698,0.2296177038697172,spatial,0.2643,0.2008
GPP,nq,mt5,3,False,13,0.300826828944902,0.2289646708098059,spatial,0.2643,0.2008
GPP,nq,mt5,3,False,23,0.3028854080506433,0.2307340093718994,spatial,0.2643,0.2008
GPP,nq,mt5,3,False,123,0.3098232864458087,0.2358235928561648,spatial,0.2643,0.2008
GPP,nq,e5,3,False,0,0.2791464800617281,0.2120822128073744,a_ratio,0.228,0.1733
GPP,nq,e5,3,False,1,0.2923003451385422,0.2219717456421173,a_ratio,0.228,0.1733
GPP,nq,e5,3,False,2,0.2854077131991718,0.2167193567892856,a_ratio,0.228,0.1733
GPP,nq,e5,3,False,3,0.2809960030815531,0.2133835354427332,a_ratio,0.228,0.1733
GPP,nq,e5,3,False,12,0.294372160040497,0.2235000302190092,a_ratio,0.228,0.1733
GPP,nq,e5,3,False,13,0.291107222104659,0.2209229737946409,a_ratio,0.228,0.1733
GPP,nq,e5,3,False,23,0.2850129441933868,0.2163536958834823,a_ratio,0.228,0.1733
GPP,nq,e5,3,False,123,0.2924666504656232,0.2219368854746269,a_ratio,0.228,0.1733
RPP,nq,e5,3,False,0,0.2061427965485558,0.1517299216219941,a_ratio,0.1782,0.1309
RPP,nq,e5,3,False,1,0.1985944577160075,0.1459699903440252,a_ratio,0.1782,0.1309
RPP,nq,e5,3,False,2,0.2053183559864322,0.1511016881655093,a_ratio,0.1782,0.1309
RPP,nq,e5,3,False,3,0.2113430385320378,0.1554265197274494,a_ratio,0.1782,0.1309
RPP,nq,e5,3,False,12,0.1991257424690621,0.1463361343200771,a_ratio,0.1782,0.1309
RPP,nq,e5,3,False,13,0.2036762615434125,0.1498018948072649,a_ratio,0.1782,0.1309
RPP,nq,e5,3,False,23,0.2108624877900143,0.1550554038642348,a_ratio,0.1782,0.1309
RPP,nq,e5,3,False,123,0.2038116627025174,0.1498796693278812,a_ratio,0.1782,0.1309
GPP,nq,e5,2,False,0,0.2952212906774225,0.2240446771609929,a_ratio,0.247,0.1877
GPP,nq,e5,2,False,1,0.309369863169062,0.234603221765773,a_ratio,0.247,0.1877
GPP,nq,e5,2,False,2,0.29959739023726,0.2272148238983246,a_ratio,0.247,0.1877
GPP,nq,e5,2,False,3,0.2973823352008503,0.22511935321444,a_ratio,0.247,0.1877
GPP,nq,e5,2,False,12,0.310303519772926,0.2352988826039418,a_ratio,0.247,0.1877
GPP,nq,e5,2,False,13,0.3075459911069351,0.2328221823997237,a_ratio,0.247,0.1877
GPP,nq,e5,2,False,23,0.3005984043887155,0.2275432791481762,a_ratio,0.247,0.1877
GPP,nq,e5,2,False,123,0.3086586025954167,0.2336835470661885,a_ratio,0.247,0.1877
GPP,nq,bm25,2,False,0,0.245425719478569,0.1886865558834832,spatial,0.2166,0.1659
GPP,nq,bm25,2,False,1,0.2820779385832272,0.2164268966128173,spatial,0.2166,0.1659
GPP,nq,bm25,2,False,2,0.2645291799969133,0.2033074867173754,spatial,0.2166,0.1659
GPP,nq,bm25,2,False,3,0.2583165433553326,0.1987098248295292,spatial,0.2166,0.1659
GPP,nq,bm25,2,False,12,0.2829663496652647,0.2171239460786798,spatial,0.2166,0.1659
GPP,nq,bm25,2,False,13,0.2947781125947123,0.2262572038060419,spatial,0.2166,0.1659
GPP,nq,bm25,2,False,23,0.27651825549107,0.2124952511666685,spatial,0.2166,0.1659
GPP,nq,bm25,2,False,123,0.294439243026469,0.2259257870223299,spatial,0.2166,0.1659
GPP,nq,bm25,5,False,0,0.2443392637407029,0.1874091670770332,spatial,0.2139,0.1633
GPP,nq,bm25,5,False,1,0.260647486769486,0.1998480170454361,spatial,0.2139,0.1633
GPP,nq,bm25,5,False,2,0.2489921094115216,0.1909570123600598,spatial,0.2139,0.1633
GPP,nq,bm25,5,False,3,0.2522419465797121,0.1936994390657248,spatial,0.2139,0.1633
GPP,nq,bm25,5,False,12,0.2630671810537723,0.2016229209473993,spatial,0.2139,0.1633
GPP,nq,bm25,5,False,13,0.2689340792461113,0.2064656375202481,spatial,0.2139,0.1633
GPP,nq,bm25,5,False,23,0.2586010228184169,0.1984640473067535,spatial,0.2139,0.1633
GPP,nq,bm25,5,False,123,0.2725913282814368,0.2091562536741531,spatial,0.2139,0.1633
GPP,nq,bm25,5,False,0,0.206081029085723,0.1579925488026994,bertQPP,0.1894,0.1454
GPP,nq,bm25,5,False,1,0.2207529587537585,0.1695470868535605,bertQPP,0.1894,0.1454
GPP,nq,bm25,5,False,2,0.2084866250452768,0.1598659712538428,bertQPP,0.1894,0.1454
GPP,nq,bm25,5,False,3,0.2149940933324874,0.1650913794021924,bertQPP,0.1894,0.1454
GPP,nq,bm25,5,False,12,0.2211322245667328,0.169790831949341,bertQPP,0.1894,0.1454
GPP,nq,bm25,5,False,13,0.2320009231076149,0.1781025004650362,bertQPP,0.1894,0.1454
GPP,nq,bm25,5,False,23,0.2177439280894514,0.167089225678396,bertQPP,0.1894,0.1454
GPP,nq,bm25,5,False,123,0.233511161962522,0.179101423603138,bertQPP,0.1894,0.1454
GPP,nq,bm25,5,False,1,0.2443392637407029,0.1874091670770332,spatial,0.2139,0.1633
GPP,nq,bm25,5,False,2,0.2443392637407029,0.1874091670770332,spatial,0.2139,0.1633
GPP,nq,bm25,5,False,3,0.2443392637407029,0.1874091670770332,spatial,0.2139,0.1633
GPP,nq,bm25,5,False,12,0.2443392637407029,0.1874091670770332,spatial,0.2139,0.1633
GPP,nq,bm25,5,False,13,0.2443392637407029,0.1874091670770332,spatial,0.2139,0.1633
GPP,nq,bm25,5,False,23,0.2443392637407029,0.1874091670770332,spatial,0.2139,0.1633
GPP,nq,bm25,5,False,123,0.2443392637407029,0.1874091670770332,spatial,0.2139,0.1633
GPP,nq,bm25,5,False,1,0.2443392637407029,0.1874091670770332,max(perpC),0.1175,0.0903
GPP,nq,bm25,5,False,2,0.2443392637407029,0.1874091670770332,avg(docQual),0.0817,0.0624
GPP,nq,bm25,5,False,3,0.2443392637407029,0.1874091670770332,itg(Dale Chall),0.068,0.052
GPP,nq,bm25,5,False,12,0.2443392637407029,0.1874091670770332,max(perpC),0.1175,0.0903
GPP,nq,bm25,5,False,13,0.2443392637407029,0.1874091670770332,max(perpC),0.1175,0.0903
GPP,nq,bm25,5,False,23,0.2443392637407029,0.1874091670770332,avg(docQual),0.0817,0.0624
GPP,nq,bm25,5,False,123,0.2443392637407029,0.1874091670770332,max(perpC),0.1175,0.0903
GPP,nq,bm25,5,False,1,0.1207394509178689,0.0927096835682598,max(perpC),0.1175,0.0903
GPP,nq,bm25,5,False,2,0.0792245126088278,0.0607116538405076,avg(docQual),0.0817,0.0624
GPP,nq,bm25,5,False,3,0.0715676311270804,0.0548570529535977,itg(Dale Chall),0.068,0.052
GPP,nq,bm25,5,False,2,0.2488213731406332,0.1908004031922395,spatial,0.2139,0.1633
GPP,nq,bm25,5,False,12,0.1346796138760028,0.1033445843253793,max(perpC),0.1175,0.0903
GPP,nq,bm25,5,False,13,0.1435592022228004,0.1100399206278315,max(perpC),0.1175,0.0903
GPP,nq,bm25,5,False,23,0.1075526180981991,0.0824634822094252,avg(docQual),0.0817,0.0624
GPP,nq,bm25,5,False,12,0.2629076271978942,0.2014855444843991,spatial,0.2139,0.1633
GPP,nq,bm25,5,False,23,0.2581707454267179,0.198158679054713,spatial,0.2139,0.1633
GPP,nq,bm25,5,False,123,0.1590018947895103,0.1219002194349133,max(perpC),0.1175,0.0903
GPP,nq,bm25,5,False,123,0.2723520957747349,0.2089666741552127,spatial,0.2139,0.1633
GPP,nq,bm25,5,False,1,0.1207394509178689,0.0927096835682598,spatial,0.2139,0.1633
GPP,nq,bm25,5,False,2,0.0792245126088278,0.0607116538405076,spatial,0.2139,0.1633
GPP,nq,bm25,5,False,3,0.0715676311270804,0.0548570529535977,spatial,0.2139,0.1633
GPP,nq,bm25,5,False,12,0.1346796138760028,0.1033445843253793,spatial,0.2139,0.1633
GPP,nq,bm25,5,False,13,0.1435592022228004,0.1100399206278315,spatial,0.2139,0.1633
GPP,nq,bm25,5,False,23,0.1075526180981991,0.0824634822094252,spatial,0.2139,0.1633
GPP,nq,bm25,5,False,123,0.1590018947895103,0.1219002194349133,spatial,0.2139,0.1633
GPP,nq,bm25,3,False,0,0.2548632237241459,0.1951033390493363,spatial,0.2203,0.1678
GPP,nq,bm25,3,False,1,0.1239837457193123,0.0948112840858675,max(perpC),0.1215,0.0929
GPP,nq,bm25,3,False,2,0.1002478553024127,0.0766091139139987,avg(docQual),0.0933,0.0711
GPP,nq,bm25,3,False,3,0.1157132848187113,0.088370634515633,itg(Dale Chall),0.115,0.0876
GPP,nq,bm25,3,False,1,0.2763459684382268,0.2114432165190416,spatial,0.2203,0.1678
GPP,nq,bm25,3,False,2,0.2621865499102569,0.200677143774876,spatial,0.2203,0.1678
GPP,nq,bm25,3,False,3,0.2648434268060244,0.2029753736100536,spatial,0.2203,0.1678
GPP,nq,bm25,3,False,12,0.1374246108204919,0.1052487025208949,max(perpC),0.1215,0.0929
GPP,nq,bm25,3,False,13,0.1606941567451685,0.1227022441156061,max(perpC),0.1215,0.0929
GPP,nq,bm25,3,False,23,0.1409296138847559,0.108006808166528,itg(Dale Chall),0.115,0.0876
GPP,nq,bm25,3,False,12,0.2750689325258545,0.2104666549067871,spatial,0.2203,0.1678
GPP,nq,bm25,3,False,13,0.2859407067281027,0.2191942091470727,spatial,0.2203,0.1678
GPP,nq,bm25,3,False,23,0.2689385281593807,0.2062442892355106,spatial,0.2203,0.1678
GPP,nq,bm25,3,False,123,0.1699173850136784,0.1303251438245809,max(perpC),0.1215,0.0929
GPP,nq,bm25,3,False,123,0.284275526360957,0.2180194364735261,spatial,0.2203,0.1678
GPP,nq,bm25,3,True,0,0.3658800817229641,0.2802228465088113,prob(k),0.308,0.2347
GPP,nq,bm25,3,True,1,0.3168309492020719,0.2418686144273551,prob(k),0.308,0.2347
GPP,nq,bm25,3,True,2,0.3175105873247045,0.2424001804553653,prob(k),0.308,0.2347
GPP,nq,bm25,3,True,3,0.3154540432972432,0.2402073236942738,prob(k),0.308,0.2347
GPP,nq,bm25,3,True,1,0.375907706719999,0.2881497220746291,prob(k),0.308,0.2347
GPP,nq,bm25,3,True,2,0.3670868572555694,0.2813028225878269,prob(k),0.308,0.2347
GPP,nq,bm25,3,True,3,0.3690890036881706,0.2828215267076468,prob(k),0.308,0.2347
GPP,nq,bm25,3,True,12,0.3186202639201431,0.2433755669032249,prob(k),0.308,0.2347
GPP,nq,bm25,3,True,13,0.3249530761371322,0.2477859588777031,prob(k),0.308,0.2347
GPP,nq,bm25,3,True,23,0.3218115414437924,0.2456718381310774,prob(k),0.308,0.2347
GPP,nq,bm25,3,True,12,0.3732725963100262,0.2861993409003749,prob(k),0.308,0.2347
GPP,nq,bm25,3,True,13,0.3796338966980636,0.2912376623832544,prob(k),0.308,0.2347
GPP,nq,bm25,3,True,23,0.3697345225529441,0.2836182881674646,prob(k),0.308,0.2347
GPP,nq,bm25,3,True,123,0.3260681677748576,0.2491291717812013,prob(k),0.308,0.2347
GPP,nq,bm25,3,True,123,0.3770052147497568,0.289364058616141,prob(k),0.308,0.2347
RPP,nq,bm25,3,False,0,0.2194108433194897,0.1623840399595486,bertQPP,0.1881,0.1393
RPP,nq,bm25,3,False,1,0.0707943081247289,0.0520007913421782,itg(perpC),0.0702,0.0515
RPP,nq,bm25,3,False,2,0.0651417510980236,0.0478737068292442,avg(docQual),0.0619,0.0455
RPP,nq,bm25,3,False,3,0.0808399845945335,0.0595046677891584,itg(Dale Chall),0.0619,0.0454
RPP,nq,bm25,3,False,1,0.23087205817421,0.1706487718161054,bertQPP,0.1881,0.1393
RPP,nq,bm25,3,False,2,0.2183512977348321,0.161568538969038,bertQPP,0.1881,0.1393
RPP,nq,bm25,3,False,3,0.2240363019578196,0.1658717894230552,bertQPP,0.1881,0.1393
RPP,nq,bm25,3,False,12,0.0769793189422835,0.0564790038268867,itg(perpC),0.0702,0.0515
RPP,nq,bm25,3,False,13,0.1071857306862372,0.0788359634817354,itg(perpC),0.0702,0.0515
RPP,nq,bm25,3,False,23,0.0951485136316442,0.0701295021652905,avg(docQual),0.0619,0.0455
RPP,nq,bm25,3,False,12,0.2284022244205198,0.168811670493846,bertQPP,0.1881,0.1393
RPP,nq,bm25,3,False,13,0.2345993889510061,0.1735671533153281,bertQPP,0.1881,0.1393
RPP,nq,bm25,3,False,23,0.2199412236790581,0.1627654720137465,bertQPP,0.1881,0.1393
RPP,nq,bm25,3,False,123,0.1060521676288411,0.078127218984528,itg(perpC),0.0702,0.0515
RPP,nq,bm25,3,False,123,0.2308956136459386,0.1708433800070227,bertQPP,0.1881,0.1393
RPP,nq,bm25,3,True,0,0.2492766952029202,0.1846238640175785,bertQPP,0.1881,0.1393
RPP,nq,bm25,3,True,1,0.1649303544181852,0.1223851991040763,prob(k),0.1554,0.1151
RPP,nq,bm25,3,True,2,0.1661166280952732,0.1229619807137283,prob(k),0.1554,0.1151
RPP,nq,bm25,3,True,3,0.1653572660002363,0.1223785268232448,prob(k),0.1554,0.1151
RPP,nq,bm25,3,True,1,0.2580764323370234,0.1909803235563404,bertQPP,0.1881,0.1393
RPP,nq,bm25,3,True,2,0.2474351875263787,0.1829572765387895,bertQPP,0.1881,0.1393
RPP,nq,bm25,3,True,3,0.2523085437675307,0.1869495245696075,bertQPP,0.1881,0.1393
RPP,nq,bm25,3,True,12,0.1670854032875696,0.123895729347863,prob(k),0.1554,0.1151
RPP,nq,bm25,3,True,13,0.1765758325829356,0.1310395180247361,prob(k),0.1554,0.1151
RPP,nq,bm25,3,True,23,0.1737107573599502,0.1284180530225128,prob(k),0.1554,0.1151
RPP,nq,bm25,3,True,12,0.2553024745085758,0.1889437951736743,bertQPP,0.1881,0.1393
RPP,nq,bm25,3,True,13,0.2605382844834394,0.1929175090910716,bertQPP,0.1881,0.1393
RPP,nq,bm25,3,True,23,0.2478307428438892,0.1834469478153643,bertQPP,0.1881,0.1393
RPP,nq,bm25,3,True,123,0.1774396766015481,0.1315747832203258,prob(k),0.1554,0.1151
RPP,nq,bm25,3,True,123,0.2565673853425399,0.1900873499717313,bertQPP,0.1881,0.1393
